GPS latitude,GPS longitude,GPS altitude,GPS speed,GPS accuracy,GPS orientation,GPS satellites In range,Time since start,Date,Accelerometer X,Accelerometer Y,Accelerometer Z,Gravity X,Gravity Y,Gravity Z,Gyroscope (Yaw),Gyroscope (Pitch),Gyroscope (Roll),Magnetic field X,Magnetic field Y,Magnetic field Z,Orientation (Yaw),Orientation (Pitch),Orientation (Roll),GNSS valid,Indicated vehicle speed,Yaw rate,Indicated longitudinal acceleration,Indicated lateral acceleration
52.40950800,-1.59690400,181.710,16.0300,3.00,180.430,24,0.0,2019-09-08 11:07:19:546,0.822100,-0.928300,9.118100,0.009100,-0.005400,9.806600,-0.0167000,0.0375000,-0.0161000,-10.000,-28.560,31.250,349.650,-83.030,-171.280,1,57.784,0.00000,0.000000,0.000000
52.40950800,-1.59690400,181.710,16.0300,3.00,180.430,24,100.0,2019-09-08 11:07:19:645,0.692200,-0.145400,8.669600,-0.012000,0.021800,9.806600,-0.0859000,0.0420000,0.0195000,-10.940,-28.560,31.560,348.410,-83.050,-171.340,1,58.050,-2.36000,0.738889,-0.664185
52.40950800,-1.59690400,181.710,16.0300,3.00,180.430,24,200.0,2019-09-08 11:07:19:746,0.021400,0.297300,9.866300,-0.017300,0.008900,9.806600,-0.0657000,0.0135000,0.0372000,-10.870,-28.440,31.560,350.190,-83.220,-169.820,1,57.989,3.14000,-0.169444,0.882775
52.40950800,-1.59690400,181.710,16.0300,3.00,180.430,24,300.0,2019-09-08 11:07:19:846,-0.084200,-0.735400,10.828100,0.010000,-0.040500,9.806500,0.0413000,0.0082000,-0.0305000,-10.690,-28.000,31.380,350.140,-83.290,-169.280,1,58.086,-6.00000,0.269444,-1.689653
52.40950800,-1.59690400,181.710,16.0300,3.00,180.430,24,400.0,2019-09-08 11:07:19:946,0.273100,-1.048000,9.998300,0.017800,-0.013600,9.806500,0.0683000,-0.0048000,-0.0120000,-11.000,-27.690,31.190,348.890,-83.090,-170.360,1,57.391,1.90000,-1.930556,0.528655
52.40950800,-1.59690400,181.710,16.0300,3.00,180.430,24,500.0,2019-09-08 11:07:20:045,0.256500,-0.446700,9.771800,-0.001400,0.026300,9.806600,-0.0881000,0.0523000,-0.0376000,-10.440,-28.060,31.060,349.870,-83.280,-171.170,1,58.316,-3.90000,2.569444,-1.102623
52.40950800,-1.59690400,181.710,16.0300,3.00,180.430,24,600.0,2019-09-08 11:07:20:145,0.016400,0.817100,9.981100,0.006500,0.033100,9.806500,-0.0583000,0.0130000,-0.0054000,-10.370,-28.500,31.250,348.360,-83.450,-172.550,1,58.226,0.94000,-0.250000,0.265350
52.40950800,-1.59690400,181.710,16.0300,3.00,180.430,24,700.0,2019-09-08 11:07:20:245,0.678300,-0.224800,10.244400,0.017500,-0.027000,9.806500,-0.0053000,-0.0022000,0.0013000,-10.500,-28.250,31.060,347.850,-83.480,-173.020,1,57.827,-4.40000,-1.108333,-1.233554
52.40950800,-1.59690400,181.710,16.0300,3.00,180.430,24,800.0,2019-09-08 11:07:20:345,0.498600,0.015100,10.282900,0.007700,-0.044900,9.806500,-0.0947000,0.0753000,-0.0627000,-10.060,-27.870,31.190,347.390,-83.400,-173.420,1,58.072,-0.06000,0.680556,-0.016892
52.40950800,-1.59690400,181.710,16.0300,3.00,180.430,24,900.0,2019-09-08 11:07:20:445,0.326900,0.535200,9.724900,-0.020000,0.041100,9.806500,0.1250000,0.0040000,-0.0040000,-10.810,-28.440,31.560,346.750,-83.020,-172.870,1,57.575,2.47000,-1.380556,0.689455
52.40950800,-1.59690400,181.710,16.0300,3.00,180.430,24,1000.0,2019-09-08 11:07:20:545,-0.610700,-0.229900,9.737900,-0.018000,0.036400,9.806500,0.1231000,-0.0446000,0.0615000,-10.560,-28.370,31.750,347.960,-83.280,-171.830,1,57.920,2.51000,0.958333,0.704818
52.40950800,-1.59690400,181.710,16.0300,3.00,180.430,24,1100.0,2019-09-08 11:07:20:646,-0.210100,-1.359000,10.158900,0.006200,-0.034500,9.806600,-0.1423000,0.0363000,-0.0160000,-10.190,-28.440,31.560,350.530,-83.180,-171.110,1,57.578,-6.26000,-0.950000,-1.747454
52.40950800,-1.59690400,181.710,16.0300,3.00,180.430,24,1200.0,2019-09-08 11:07:20:746,-0.654900,1.720800,9.798100,0.022500,-0.031200,9.806500,-0.1926000,0.0001000,0.0017000,-10.500,-28.750,31.060,348.910,-83.250,-171.980,1,57.337,-1.71000,-0.669444,-0.475342
52.40950800,-1.59690400,181.710,16.0300,3.00,180.430,24,1300.0,2019-09-08 11:07:20:846,0.101400,0.196700,9.646700,-0.001600,0.009100,9.806600,0.1447000,0.0009000,-0.0153000,-11.000,-28.620,31.310,346.740,-83.330,-172.290,1,57.013,-3.27000,-0.900000,-0.903850
52.40950800,-1.59690400,181.710,16.0300,3.00,180.430,24,1400.0,2019-09-08 11:07:20:946,-0.426100,-0.330400,10.439200,0.008900,-0.029700,9.806600,-0.0182000,0.0266000,-0.0191000,-11.120,-28.190,31.880,347.370,-83.180,-172.340,1,57.359,6.34000,0.961111,1.763054
52.40950800,-1.59690400,181.710,16.0300,3.00,180.430,24,1500.0,2019-09-08 11:07:21:045,0.793300,0.645000,9.500300,-0.014100,0.019100,9.806600,0.1087000,-0.0343000,0.0686000,-10.620,-28.870,31.690,346.940,-83.190,-172.690,1,57.092,-13.05000,-0.741667,-3.612107
52.40950800,-1.59690400,181.710,16.0300,3.00,180.430,24,1600.0,2019-09-08 11:07:21:145,0.576300,0.383700,9.506800,-0.018700,0.031600,9.806600,0.0376000,0.0554000,-0.0346000,-10.440,-28.620,31.630,350.580,-83.260,-171.050,1,57.730,12.43000,1.772222,3.478945
52.40950800,-1.59690400,181.710,16.0300,3.00,180.430,24,1700.0,2019-09-08 11:07:21:245,0.130600,0.335900,10.150600,-0.001800,-0.016700,9.806600,-0.0207000,0.0309000,0.0319000,-10.440,-28.560,31.500,351.100,-83.120,-170.560,1,57.492,-14.08000,-0.661111,-3.924505
52.40950800,-1.59690400,181.710,16.0300,3.00,180.430,24,1800.0,2019-09-08 11:07:21:345,0.033200,0.330600,9.745600,-0.009600,-0.028000,9.806600,0.0297000,0.0377000,0.0381000,-11.060,-28.000,31.630,350.890,-83.100,-169.170,1,57.690,9.84000,0.550000,2.752140
52.40950800,-1.59690400,181.710,16.0300,3.00,180.430,24,1900.0,2019-09-08 11:07:21:445,0.114500,0.985700,9.628500,-0.025800,0.022800,9.806600,0.0672000,-0.0115000,0.0716000,-10.870,-28.190,31.500,352.120,-83.060,-168.060,1,57.499,-4.65000,-0.530556,-1.296248
52.40820000,-1.59686000,182.220,15.9300,2.00,175.440,26,2000.0,2019-09-08 11:07:21:545,0.690400,0.463000,9.438200,-0.032500,0.003600,9.806600,-0.0179000,-0.0254000,0.0676000,-10.810,-28.690,31.380,355.170,-83.170,-164.750,1,57.298,0.18000,-0.558333,0.050002
52.40820000,-1.59686000,182.220,15.9300,2.00,175.440,26,2100.0,2019-09-08 11:07:21:646,-0.010600,-0.138000,9.331700,-0.006100,0.003300,9.806500,0.0321000,-0.0259000,0.0360000,-11.000,-28.440,30.750,356.320,-83.280,-163.750,1,56.923,-3.72000,-1.041667,-1.026610
52.40820000,-1.59686000,182.220,15.9300,2.00,175.440,26,2200.0,2019-09-08 11:07:21:746,0.081200,-0.489600,9.426500,-0.004900,-0.005900,9.806600,0.0373000,-0.0121000,0.0363000,-11.690,-28.120,30.940,355.940,-83.360,-162.480,1,57.845,0.10000,2.561111,0.028044
52.40820000,-1.59686000,182.220,15.9300,2.00,175.440,26,2300.0,2019-09-08 11:07:21:845,-0.341200,0.241600,9.582200,0.007500,0.006200,9.806600,0.0285000,0.0298000,-0.0436000,-11.750,-28.440,30.810,356.390,-83.480,-162.080,1,57.204,0.67000,-1.780556,0.185813
52.40820000,-1.59686000,182.220,15.9300,2.00,175.440,26,2400.0,2019-09-08 11:07:21:945,0.145000,-0.580700,9.797000,0.004900,-0.004000,9.806600,0.0683000,-0.0272000,0.0030000,-11.250,-28.690,31.060,357.690,-83.590,-162.530,1,57.064,-4.50000,-0.388889,-1.244943
52.40820000,-1.59686000,182.220,15.9300,2.00,175.440,26,2500.0,2019-09-08 11:07:22:046,0.121500,-0.145400,10.025400,0.008500,-0.016900,9.806500,-0.0520000,0.0175000,-0.0075000,-12.370,-28.250,31.190,355.040,-83.520,-163.300,1,57.492,6.97000,1.188889,1.942742
52.40820000,-1.59686000,182.220,15.9300,2.00,175.440,26,2600.0,2019-09-08 11:07:22:146,-0.380100,0.658700,9.942700,-0.010100,0.011400,9.806600,0.0188000,0.0228000,0.0271000,-11.500,-28.440,30.000,356.700,-83.600,-162.820,1,57.154,-6.48000,-0.938889,-1.795546
52.40820000,-1.59686000,182.220,15.9300,2.00,175.440,26,2700.0,2019-09-08 11:07:22:245,-0.190900,0.262100,9.904400,-0.014400,0.018100,9.806500,0.0530000,-0.0234000,0.0649000,-11.620,-28.620,30.810,356.310,-83.650,-162.150,1,57.355,2.86000,0.558333,0.795266
52.40820000,-1.59686000,182.220,15.9300,2.00,175.440,26,2800.0,2019-09-08 11:07:22:345,-0.253300,-0.655000,10.003000,-0.000800,-0.023500,9.806500,0.0395000,-0.0100000,0.0327000,-12.190,-28.370,30.630,357.480,-83.650,-161.110,1,57.532,0.35000,0.491667,0.097623
52.40820000,-1.59686000,182.220,15.9300,2.00,175.440,24,2900.0,2019-09-08 11:07:22:445,-0.322300,-0.372000,10.148600,0.006000,-0.030300,9.806500,-0.0537000,0.0224000,-0.0335000,-12.060,-28.560,31.190,358.480,-83.700,-160.210,1,57.726,3.21000,0.538889,0.898362
52.40820000,-1.59686000,182.220,15.9300,2.00,175.440,24,3000.0,2019-09-08 11:07:22:545,-0.353500,0.726900,10.175300,-0.005900,0.039200,9.806500,-0.0611000,-0.0328000,-0.0192000,-11.810,-28.440,30.560,358.120,-83.600,-160.530,1,57.193,-12.77000,-1.480556,-3.540859
52.40820000,-1.59686000,182.220,15.9300,2.00,175.440,24,3100.0,2019-09-08 11:07:22:645,0.443900,-1.049200,9.710100,-0.009800,0.035800,9.806600,-0.0498000,0.0054000,0.0172000,-11.500,-28.500,30.690,359.810,-83.810,-160.630,1,57.431,7.17000,0.661111,1.996367
52.40820000,-1.59686000,182.220,15.9300,2.00,175.440,24,3200.0,2019-09-08 11:07:22:745,-0.267900,-0.999800,9.966900,0.012100,-0.028500,9.806500,0.0542000,0.0221000,-0.0123000,-12.060,-29.310,31.380,357.250,-83.670,-161.310,1,57.845,0.75000,1.150000,0.210330
52.40820000,-1.59686000,182.220,15.9300,2.00,175.440,24,3300.0,2019-09-08 11:07:22:845,-0.578000,1.417900,9.183000,0.016700,-0.026600,9.806500,-0.1235000,0.0763000,-0.0594000,-11.500,-29.190,30.380,358.050,-83.820,-161.610,1,56.948,-3.21000,-2.491667,-0.886254
52.40820000,-1.59686000,182.220,15.9300,2.00,175.440,24,3400.0,2019-09-08 11:07:22:945,-0.971700,0.945500,9.812100,-0.014200,0.045800,9.806500,-0.0796000,-0.0680000,0.0267000,-11.250,-28.940,30.750,358.780,-83.910,-161.560,1,57.319,3.34000,1.030556,0.928154
52.40820000,-1.59686000,182.220,15.9300,2.00,175.440,24,3500.0,2019-09-08 11:07:23:045,0.902600,0.186900,9.237700,-0.008800,0.050200,9.806500,0.0838000,-0.0066000,0.0266000,-11.750,-28.620,30.880,356.400,-83.960,-162.090,1,57.391,-0.29000,0.200000,-0.080689
52.40820000,-1.59686000,182.220,15.9300,2.00,175.440,24,3600.0,2019-09-08 11:07:23:145,-0.528500,-0.061200,8.976000,0.019800,-0.015300,9.806500,-0.1500000,-0.0119000,-0.0292000,-11.500,-29.000,30.630,359.350,-84.240,-161.060,1,57.769,1.01000,1.050000,0.282873
52.40820000,-1.59686000,182.220,15.9300,2.00,175.440,24,3700.0,2019-09-08 11:07:23:245,-0.002800,-0.133800,8.889200,-0.002500,0.001100,9.806600,0.0639000,-0.0427000,-0.0135000,-11.870,-29.250,30.690,356.670,-84.400,-161.870,1,57.344,-8.58000,-1.180556,-2.385339
52.40820000,-1.59686000,182.220,15.9300,2.00,175.440,24,3800.0,2019-09-08 11:07:23:345,-0.674600,0.427200,9.927500,0.016300,0.007400,9.806600,0.0794000,0.0164000,-0.0601000,-11.620,-28.940,30.250,355.040,-84.630,-162.720,1,57.625,4.76000,0.780556,1.329820
52.40820000,-1.59686000,182.220,15.9300,2.00,175.440,24,3900.0,2019-09-08 11:07:23:445,1.099600,-0.444900,9.676700,0.028000,-0.015500,9.806600,-0.1638000,0.0343000,-0.0461000,-11.500,-28.750,30.380,353.150,-84.670,-166.110,1,57.913,0.81000,0.800000,0.227424
52.40820000,-1.59686000,182.220,15.9300,2.00,175.440,24,4000.0,2019-09-08 11:07:23:545,0.971300,0.747700,9.544400,-0.009600,0.032200,9.806600,-0.1473000,0.0602000,-0.0134000,-10.940,-29.250,30.130,351.950,-84.640,-167.200,1,57.661,-2.46000,-0.700000,-0.687689
52.40820000,-1.59686000,182.220,15.9300,2.00,175.440,24,4100.0,2019-09-08 11:07:23:645,0.800000,0.045200,9.891600,-0.021100,0.018000,9.806500,-0.0043000,0.0033000,0.0485000,-11.370,-28.500,30.810,354.380,-84.720,-165.620,1,58.003,0.52000,0.950000,0.146227
52.40820000,-1.59686000,182.220,15.9300,2.00,175.440,24,4200.0,2019-09-08 11:07:23:745,1.071800,-1.722500,9.488100,-0.013800,0.016000,9.806500,-0.0944000,0.0420000,0.0035000,-11.690,-29.690,30.000,352.150,-84.520,-165.320,1,57.460,0.91000,-1.508333,0.253502
52.40820000,-1.59686000,182.220,15.9300,2.00,175.440,24,4300.0,2019-09-08 11:07:23:845,-0.128200,-0.265200,11.239400,-0.032700,0.049900,9.806400,0.2391000,0.0010000,0.0595000,-11.810,-29.560,30.250,354.540,-84.570,-163.160,1,57.665,-2.28000,0.569444,-0.637415
52.40820000,-1.59686000,182.220,15.9300,2.00,175.440,24,4400.0,2019-09-08 11:07:23:945,0.868100,-1.423900,12.088400,0.042600,-0.131900,9.805700,0.7709000,0.0648000,0.0069000,-11.810,-29.310,30.690,353.890,-83.880,-164.350,1,57.985,-1.54000,0.888889,-0.432924
52.40820000,-1.59686000,182.220,15.9300,2.00,175.440,24,4500.0,2019-09-08 11:07:24:045,0.754200,-2.989000,11.351600,0.049000,-0.115100,9.805800,-0.7115000,0.0744000,-0.0586000,-11.440,-30.940,30.500,356.090,-83.970,-163.960,1,57.604,0.40000,-1.058333,0.111709
52.40820000,-1.59686000,182.220,15.9300,2.00,175.440,24,4600.0,2019-09-08 11:07:24:145,0.250900,3.031700,6.858900,-0.027000,0.110100,9.806000,-0.6303000,0.0974000,0.0224000,-11.120,-30.310,31.190,357.440,-84.090,-162.770,1,57.974,-5.37000,1.027778,-1.509324
52.40820000,-1.59686000,182.220,15.9300,2.00,175.440,24,4700.0,2019-09-08 11:07:24:245,1.168400,2.304000,8.779700,-0.033900,0.067800,9.806300,0.5407000,-0.0062000,0.1462000,-12.120,-28.690,30.940,358.080,-84.720,-160.600,1,57.830,-6.21000,-0.400000,-1.741084
52.40820000,-1.59686000,182.220,15.9300,2.00,175.440,24,4800.0,2019-09-08 11:07:24:345,1.238800,1.268300,9.717000,0.028000,-0.068200,9.806300,0.4181000,-0.0669000,0.1235000,-12.620,-28.120,31.130,357.640,-84.620,-159.410,1,57.744,8.48000,-0.238889,2.373983
52.40820000,-1.59686000,182.220,15.9300,2.00,175.440,24,4900.0,2019-09-08 11:07:24:445,-0.589700,-0.170200,9.662000,-0.002300,-0.033200,9.806500,-0.2028000,-0.0258000,0.0621000,-13.310,-28.250,30.690,356.990,-84.340,-159.990,1,57.647,-7.10000,-0.269444,-1.984312
52.40820000,-1.59686000,182.220,15.9300,2.00,175.440,24,5000.0,2019-09-08 11:07:24:546,-0.146400,0.215500,9.153800,-0.030100,0.046200,9.806500,-0.1541000,0.0369000,0.0027000,-13.620,-29.190,30.440,358.420,-84.610,-156.430,1,58.255,2.60000,1.688889,0.734313
52.40820000,-1.59686000,182.220,15.9300,2.00,175.440,24,5100.0,2019-09-08 11:07:24:645,0.769900,0.265900,9.573700,-0.022800,0.038400,9.806500,0.0329000,-0.0243000,0.0535000,-13.750,-28.190,30.190,359.370,-84.620,-155.560,1,58.036,0.02000,-0.608333,0.005627
52.40820000,-1.59686000,182.220,15.9300,2.00,175.440,24,5200.0,2019-09-08 11:07:24:745,-0.841800,-1.040600,8.939000,0.013600,0.003100,9.806600,-0.0341000,-0.0193000,-0.0468000,-13.250,-28.940,30.440,2.620,-84.550,-154.180,1,57.924,-4.48000,-0.311111,-1.258089
52.40820000,-1.59686000,182.220,15.9300,2.00,175.440,24,5300.0,2019-09-08 11:07:24:845,0.035100,0.694700,9.474900,0.008300,0.033400,9.806500,0.0019000,-0.0002000,-0.0464000,-13.310,-29.500,29.810,0.160,-85.000,-156.420,1,58.025,1.84000,0.280556,0.517616
52.40820000,-1.59686000,182.220,15.9300,2.00,175.440,24,5400.0,2019-09-08 11:07:24:945,0.031200,-0.025100,10.145700,0.024800,-0.001700,9.806600,0.0002000,0.0457000,-0.0301000,-13.560,-29.440,29.940,355.810,-85.260,-158.850,1,57.928,0.74000,-0.269444,0.207824
52.40820000,-1.59686000,182.220,15.9300,2.00,175.440,24,5500.0,2019-09-08 11:07:25:046,0.210200,-0.326100,10.210800,0.024800,-0.014900,9.806500,0.0749000,-0.0343000,0.0242000,-13.250,-28.940,29.750,352.850,-85.070,-163.150,1,57.560,-3.10000,-1.022222,-0.865082
52.40820000,-1.59686000,182.220,15.9300,2.00,175.440,24,5600.0,2019-09-08 11:07:25:146,0.059800,-0.306800,10.159800,-0.011300,-0.018000,9.806600,0.0666000,0.0104000,0.0301000,-12.940,-28.940,30.560,354.720,-84.820,-162.100,1,58.601,8.08000,2.891667,2.295574
52.40820000,-1.59686000,182.220,15.9300,2.00,175.440,24,5700.0,2019-09-08 11:07:25:246,-0.126100,-0.964100,9.900200,-0.006300,-0.011300,9.806600,-0.0873000,0.0254000,0.0044000,-12.690,-29.120,30.630,356.380,-84.850,-160.580,1,57.668,-7.58000,-2.591667,-2.119234
52.40820000,-1.59686000,182.220,15.9300,2.00,175.440,24,5800.0,2019-09-08 11:07:25:346,-0.791100,0.075200,9.797200,-0.014900,0.012700,9.806500,-0.0119000,-0.0321000,0.0156000,-12.870,-29.190,30.560,358.120,-84.950,-158.980,1,57.740,3.98000,0.200000,1.114127
52.40820000,-1.59686000,182.220,15.9300,2.00,175.440,24,5900.0,2019-09-08 11:07:25:446,-0.147400,0.264700,9.693600,-0.000100,0.007300,9.806600,0.0474000,-0.0124000,0.0162000,-12.690,-29.440,30.310,358.150,-84.990,-158.270,1,57.668,-6.80000,-0.200000,-1.901160
52.40820000,-1.59686000,182.220,15.9300,2.00,175.440,24,6000.0,2019-09-08 11:07:25:545,-0.120700,0.106400,10.299900,0.001800,-0.021400,9.806600,0.1238000,-0.0158000,0.0104000,-12.250,-29.120,30.130,0.560,-84.980,-157.680,1,57.420,3.58000,-0.688889,0.996600
52.40820000,-1.59686000,182.220,15.9300,2.00,175.440,24,6100.0,2019-09-08 11:07:25:646,0.346800,0.601600,9.609400,-0.000700,-0.019300,9.806600,-0.0461000,-0.0406000,0.0624000,-12.500,-28.870,30.690,1.780,-84.860,-157.200,1,57.060,-2.39000,-1.000000,-0.661157
52.40820000,-1.59686000,182.220,15.9300,2.00,175.440,24,6200.0,2019-09-08 11:07:25:745,0.683600,0.416600,9.867000,0.012300,0.012100,9.806500,0.0037000,0.0480000,-0.0474000,-12.500,-28.560,29.750,359.980,-84.960,-158.220,1,57.845,-0.83000,2.180556,-0.232766
52.40820000,-1.59686000,182.220,15.9300,2.00,175.440,24,6300.0,2019-09-08 11:07:25:852,-0.099300,-0.065000,9.750400,0.007400,0.000400,9.806600,0.0003000,-0.0006000,-0.0167000,-12.370,-28.690,30.130,359.440,-84.970,-158.710,1,57.298,-1.91000,-1.519444,-0.530576
52.40820000,-1.59686000,182.220,15.9300,2.00,175.440,24,6400.0,2019-09-08 11:07:25:945,-0.353600,0.088100,9.938400,0.002800,0.011400,9.806600,-0.0496000,-0.0140000,-0.0049000,-11.940,-29.440,30.310,357.920,-84.960,-160.110,1,57.877,8.04000,1.608333,2.255989
52.40820000,-1.59686000,182.220,15.9300,2.00,175.440,24,6500.0,2019-09-08 11:07:26:046,0.023800,-0.313400,9.892000,0.005800,0.029400,9.806500,0.0212000,-0.0197000,-0.0392000,-11.620,-29.000,30.130,355.650,-85.120,-162.200,1,57.874,-9.58000,-0.008333,-2.687967
52.40820000,-1.59686000,182.220,15.9300,2.00,175.440,24,6600.0,2019-09-08 11:07:26:146,-0.061100,0.106800,10.288300,0.012500,-0.022900,9.806500,0.0628000,-0.0305000,-0.0162000,-11.750,-29.120,29.750,353.000,-85.180,-164.650,1,57.766,4.54000,-0.300000,1.271461
52.40820000,-1.59686000,182.220,15.9300,2.00,175.440,24,6700.0,2019-09-08 11:07:26:246,-0.216500,0.438700,9.408000,0.019700,-0.032000,9.806500,-0.1046000,0.0821000,-0.1111000,-11.620,-28.620,29.630,350.970,-85.030,-166.500,1,57.110,-3.45000,-1.822222,-0.955226
52.40820000,-1.59686000,182.220,15.9300,2.00,175.440,24,6800.0,2019-09-08 11:07:26:345,-0.684800,0.685000,9.725300,-0.006900,0.034900,9.806600,-0.1251000,-0.0246000,0.0129000,-11.560,-28.690,30.880,350.270,-85.100,-167.810,1,56.963,11.68000,-0.408333,3.225600
52.40820000,-1.59686000,182.220,15.9300,2.00,175.440,24,6900.0,2019-09-08 11:07:26:445,0.609700,0.586400,8.902900,-0.005500,0.033200,9.806500,0.0342000,-0.0179000,0.0390000,-11.560,-29.060,30.060,348.560,-85.120,-168.730,1,57.049,1.68000,0.238889,0.464657
52.40820000,-1.59686000,182.220,15.9300,2.00,175.440,27,7000.0,2019-09-08 11:07:26:546,-0.134700,0.731800,9.644200,-0.014500,0.000200,9.806600,0.0407000,-0.0051000,0.0520000,-11.440,-28.560,29.750,351.420,-85.200,-167.770,1,56.959,-14.07000,-0.250000,-3.885360
52.40820000,-1.59686000,182.220,15.9300,2.00,175.440,27,7100.0,2019-09-08 11:07:26:645,0.499300,-0.355100,10.801400,-0.009200,0.006900,9.806600,0.0013000,0.0124000,0.0273000,-11.810,-29.060,30.000,352.110,-85.230,-165.470,1,57.013,3.06000,0.150000,0.845805
52.40820000,-1.59686000,182.220,15.9300,2.00,175.440,27,7200.0,2019-09-08 11:07:26:746,-0.418300,-0.790000,11.132500,0.009500,-0.047200,9.806500,0.0773000,0.0384000,-0.0184000,-11.560,-28.500,30.310,352.900,-84.900,-164.720,1,57.121,5.38000,0.300000,1.489886
52.40820000,-1.59686000,182.220,15.9300,2.00,175.440,27,7300.0,2019-09-08 11:07:26:846,0.455600,-0.767400,10.436100,0.022200,-0.072400,9.806300,-0.0016000,-0.0386000,0.0542000,-12.190,-28.750,30.130,352.210,-84.630,-165.300,1,58.385,-5.24000,3.511111,-1.483226
52.40820000,-1.59686000,182.220,15.9300,2.00,175.440,27,7400.0,2019-09-08 11:07:26:946,-0.105300,-0.064200,9.493800,-0.014200,0.038000,9.806500,-0.0250000,0.0258000,-0.0234000,-12.370,-29.370,30.630,353.160,-84.600,-165.090,1,58.334,5.77000,-0.141667,1.631821
52.40820000,-1.59686000,182.220,15.9300,2.00,175.440,27,7500.0,2019-09-08 11:07:27:046,0.060300,0.069200,9.579500,-0.016100,0.056800,9.806400,0.0254000,-0.0452000,0.0171000,-11.690,-28.940,30.060,353.560,-85.070,-164.120,1,57.370,-9.14000,-2.677778,-2.542178
52.40820000,-1.59686000,182.220,15.9300,2.00,175.440,27,7600.0,2019-09-08 11:07:27:146,-0.163100,0.525400,9.541500,0.003800,0.013000,9.806600,-0.0903000,-0.0480000,0.0320000,-11.690,-28.870,29.940,354.070,-85.260,-163.670,1,57.121,0.34000,-0.691667,0.094156
52.40820000,-1.59686000,182.220,15.9300,2.00,175.440,27,7700.0,2019-09-08 11:07:27:246,-0.018200,-0.176800,9.982600,0.002700,0.011400,9.806600,0.0466000,-0.0354000,0.0305000,-11.560,-29.000,30.560,352.920,-85.420,-165.400,1,57.272,0.73000,0.419444,0.202694
52.40820000,-1.59686000,182.220,15.9300,2.00,175.440,27,7800.0,2019-09-08 11:07:27:345,0.031000,0.274100,10.099000,0.002200,0.002800,9.806600,0.0178000,0.0315000,-0.0064000,-12.060,-28.940,30.060,351.580,-85.290,-165.970,1,56.711,-3.08000,-1.558333,-0.846823
52.40820000,-1.59686000,182.220,15.9300,2.00,175.440,27,7900.0,2019-09-08 11:07:27:445,-0.462100,-0.427300,10.188300,-0.005600,-0.002700,9.806600,-0.0634000,-0.0289000,0.0090000,-12.000,-28.690,30.000,351.210,-85.150,-166.300,1,57.056,3.68000,0.958333,1.017944
52.40820000,-1.59686000,182.220,15.9300,2.00,175.440,27,8000.0,2019-09-08 11:07:27:546,0.614300,0.296900,9.849500,-0.014400,-0.003200,9.806600,-0.0316000,0.0378000,0.0055000,-11.940,-28.310,30.190,349.980,-85.080,-167.440,1,56.873,-4.37000,-0.508333,-1.204932
52.40820000,-1.59686000,182.220,15.9300,2.00,175.440,27,8100.0,2019-09-08 11:07:27:645,-0.001400,0.279900,9.773900,-0.004000,0.020800,9.806500,0.0495000,0.0064000,-0.0164000,-12.500,-28.810,29.940,351.750,-85.050,-165.780,1,56.700,4.56000,-0.480556,1.253495
52.40820000,-1.59686000,182.220,15.9300,2.00,175.440,27,8200.0,2019-09-08 11:07:27:745,0.782000,-1.841900,10.121000,-0.008600,0.004100,9.806600,-0.1347000,-0.0942000,0.0657000,-12.190,-28.870,30.060,353.230,-85.120,-164.430,1,56.952,-0.63000,0.700000,-0.173950
52.40820000,-1.59686000,182.220,15.9300,2.00,175.440,27,8300.0,2019-09-08 11:07:27:846,-0.035900,1.015100,10.519300,-0.018400,0.005800,9.806600,0.1638000,0.0655000,-0.0149000,-12.370,-28.560,30.630,355.140,-85.210,-163.320,1,56.963,-4.17000,0.030556,-1.151606
52.40820000,-1.59686000,182.220,15.9300,2.00,175.440,27,8400.0,2019-09-08 11:07:27:946,1.863300,-1.091700,9.575300,0.015800,-0.045800,9.806400,0.1252000,0.0581000,0.0156000,-12.250,-28.440,30.810,355.060,-85.190,-163.410,1,56.686,-1.10000,-0.769444,-0.302304
52.40820000,-1.59686000,182.220,15.9300,2.00,175.440,27,8500.0,2019-09-08 11:07:28:046,-0.029600,-0.603600,10.014000,0.009400,-0.011000,9.806600,0.0708000,-0.0222000,0.0234000,-12.250,-28.500,30.690,355.990,-84.960,-162.540,1,56.686,-0.54000,0.000000,-0.148404
52.40820000,-1.59686000,182.220,15.9300,2.00,175.440,27,8600.0,2019-09-08 11:07:28:146,-0.172300,-0.321000,9.817000,-0.009100,0.004700,9.806600,-0.0303000,0.0087000,-0.0286000,-12.060,-28.810,30.750,355.840,-85.090,-162.670,1,56.837,3.54000,0.419444,0.975460
52.40820000,-1.59686000,182.220,15.9300,2.00,175.440,27,8700.0,2019-09-08 11:07:28:246,-0.117400,0.780400,9.743500,-0.007600,0.019200,9.806600,0.1511000,0.0202000,0.0157000,-12.370,-28.500,30.440,356.020,-85.260,-161.880,1,56.506,-5.77000,-0.919444,-1.580685
52.40820000,-1.59686000,182.220,15.9300,2.00,175.440,27,8800.0,2019-09-08 11:07:28:346,0.086000,-0.859800,10.148300,0.021600,-0.040700,9.806500,0.1760000,0.0400000,0.0023000,-11.940,-28.560,30.130,354.480,-85.120,-163.270,1,56.894,1.03000,1.077778,0.284105
52.40820000,-1.59686000,182.220,15.9300,2.00,175.440,25,8900.0,2019-09-08 11:07:28:446,-0.137800,0.578700,9.266800,0.031100,-0.039200,9.806400,-0.0844000,-0.0097000,-0.0039000,-11.810,-28.690,29.250,352.360,-85.190,-164.540,1,56.966,2.93000,0.200000,0.809204
52.40820000,-1.59686000,182.220,15.9300,2.00,175.440,25,9000.0,2019-09-08 11:07:28:545,0.743000,0.422200,9.629200,0.005000,0.016400,9.806600,-0.0067000,0.0004000,-0.0744000,-12.310,-28.870,29.750,351.630,-85.290,-165.930,1,57.053,-1.51000,0.241667,-0.417667
52.40820000,-1.59686000,182.220,15.9300,2.00,175.440,25,9100.0,2019-09-08 11:07:28:646,0.484800,0.278000,9.710300,-0.015500,0.010800,9.806600,0.1196000,-0.0353000,0.0310000,-12.190,-28.810,30.440,351.600,-85.320,-165.960,1,56.794,-2.62000,-0.719444,-0.721404
52.40820000,-1.59686000,182.220,15.9300,2.00,175.440,25,9200.0,2019-09-08 11:07:28:746,0.817100,-0.323500,9.402700,-0.002000,-0.018300,9.806600,0.0123000,0.0257000,-0.0207000,-12.250,-29.310,30.560,353.850,-85.230,-164.520,1,56.905,-0.32000,0.308333,-0.088283
52.40820000,-1.59686000,182.220,15.9300,2.00,175.440,25,9300.0,2019-09-08 11:07:28:846,-0.473400,-0.385700,9.142300,-0.015000,0.009800,9.806600,-0.0012000,0.0599000,-0.0106000,-12.120,-28.750,29.380,355.500,-85.330,-161.660,1,57.017,2.34000,0.311111,0.646837
52.40820000,-1.59686000,182.220,15.9300,2.00,175.440,25,9400.0,2019-09-08 11:07:28:945,0.131500,-0.225800,10.025300,0.014800,-0.006700,9.806600,0.0721000,0.0260000,-0.0399000,-12.440,-29.000,30.250,356.460,-85.460,-161.470,1,56.945,-6.60000,-0.200000,-1.822109
52.40820000,-1.59686000,182.220,15.9300,2.00,175.440,25,9500.0,2019-09-08 11:07:29:046,0.066900,-0.487900,10.118200,0.021900,-0.027700,9.806600,-0.0610000,-0.0467000,0.0199000,-12.870,-28.560,30.440,352.610,-85.380,-163.420,1,57.100,0.65000,0.430556,0.179939
52.40820000,-1.59686000,182.220,15.9300,2.00,175.440,25,9600.0,2019-09-08 11:07:29:146,0.349200,-0.438400,10.116000,0.011800,-0.003500,9.806600,-0.0567000,0.0601000,-0.0909000,-12.500,-29.120,30.440,352.120,-85.260,-165.470,1,57.409,0.31000,0.858333,0.086281
52.40820000,-1.59686000,182.220,15.9300,2.00,175.440,25,9700.0,2019-09-08 11:07:29:246,0.512400,0.139600,9.523600,0.000200,0.006000,9.806600,0.0843000,0.0081000,0.0111000,-12.440,-29.250,29.940,350.260,-85.210,-167.180,1,57.233,-1.23000,-0.488889,-0.341292
52.40820000,-1.59686000,182.220,15.9300,2.00,175.440,25,9800.0,2019-09-08 11:07:29:345,-0.535400,-0.602000,9.556900,-0.017400,0.003900,9.806600,0.0005000,-0.0475000,0.0654000,-12.120,-29.190,30.500,352.120,-85.310,-166.130,1,57.038,0.88000,-0.541667,0.243345
52.40820000,-1.59686000,182.220,15.9300,2.00,175.440,25,9900.0,2019-09-08 11:07:29:445,-0.365800,-0.140900,9.061100,-0.008800,0.022800,9.806600,-0.1003000,0.0087000,-0.0136000,-12.250,-28.810,30.060,354.190,-85.590,-163.590,1,57.406,-0.31000,1.022222,-0.086277
52.40820000,-1.59686000,182.220,15.9300,2.00,175.440,26,10000.0,2019-09-08 11:07:29:546,-0.117000,0.047000,9.466200,-0.010700,0.024200,9.806500,-0.0324000,0.0108000,-0.0231000,-12.560,-28.940,30.190,353.820,-85.810,-162.330,1,57.272,-3.68000,-0.372222,-1.021798
52.40820000,-1.59686000,182.220,15.9300,2.00,175.440,26,10100.0,2019-09-08 11:07:29:646,0.440700,0.285700,9.840300,0.000600,0.015100,9.806600,0.0367000,-0.0173000,0.0065000,-12.690,-28.370,30.190,353.020,-85.790,-163.090,1,57.823,-1.53000,1.530556,-0.428911
52.40820000,-1.59686000,182.220,15.9300,2.00,175.440,26,10200.0,2019-09-08 11:07:29:745,-0.176200,-0.168900,10.065900,0.003800,-0.008800,9.806600,-0.0171000,-0.0194000,0.0174000,-12.690,-28.810,29.630,352.130,-85.650,-163.890,1,58.147,4.31000,0.900000,1.215009
52.40820000,-1.59686000,182.220,15.9300,2.00,175.440,26,10300.0,2019-09-08 11:07:29:845,0.429000,-0.254600,10.133300,-0.011700,0.001400,9.806600,0.1074000,0.0197000,0.0317000,-13.000,-28.690,30.060,352.370,-85.470,-163.640,1,58.633,-0.13000,1.350000,-0.036954
52.40820000,-1.59686000,182.220,15.9300,2.00,175.440,26,10400.0,2019-09-08 11:07:29:946,0.216400,-1.529600,10.258200,-0.000400,-0.021100,9.806600,0.0213000,0.0203000,0.0223000,-12.690,-29.250,30.000,354.740,-85.440,-161.440,1,57.982,-2.74000,-1.808333,-0.770227
52.40820000,-1.59686000,182.220,15.9300,2.00,175.440,26,10500.0,2019-09-08 11:07:30:045,-0.299600,-0.251200,9.896700,-0.002900,-0.020300,9.806600,0.0195000,0.0028000,0.0486000,-12.810,-29.000,30.500,357.160,-85.370,-159.880,1,57.334,-5.90000,-1.800000,-1.639982
52.40820000,-1.59686000,182.220,15.9300,2.00,175.440,26,10600.0,2019-09-08 11:07:30:146,-0.184300,-1.001600,9.181400,-0.006400,0.006900,9.806600,-0.0005000,0.0043000,0.0226000,-13.190,-29.060,30.190,358.460,-85.440,-158.000,1,57.895,1.63000,1.558333,0.457513
52.40820000,-1.59686000,182.220,15.9300,2.00,175.440,26,10700.0,2019-09-08 11:07:30:245,0.525400,-0.216800,9.716000,-0.002000,0.011000,9.806600,-0.0160000,0.0172000,0.0152000,-13.190,-29.000,30.630,359.140,-85.480,-158.050,1,58.435,2.51000,1.500000,0.711085
52.40820000,-1.59686000,182.220,15.9300,2.00,175.440,26,10800.0,2019-09-08 11:07:30:346,-0.251600,0.056000,9.928900,0.003200,-0.004400,9.806600,-0.0574000,-0.0431000,0.0205000,-12.940,-28.250,30.130,359.520,-85.510,-157.020,1,58.993,0.01000,1.550000,0.002860
52.40820000,-1.59686000,182.220,15.9300,2.00,175.440,26,10900.0,2019-09-08 11:07:30:446,-0.108200,-0.748400,9.655000,0.005700,-0.001300,9.806600,-0.0513000,-0.0037000,-0.0446000,-12.560,-28.870,30.250,359.350,-85.480,-157.170,1,58.331,1.10000,-1.838889,0.311076
52.40692500,-1.59659900,180.620,16.2500,3.00,170.490,28,11000.0,2019-09-08 11:07:30:546,0.700800,-0.992800,9.909900,0.005800,0.003000,9.806600,0.0903000,0.0137000,0.0075000,-11.560,-28.620,31.560,0.730,-85.350,-158.760,1,57.917,-6.43000,-1.150000,-1.805477
52.40692500,-1.59659900,180.620,16.2500,3.00,170.490,28,11100.0,2019-09-08 11:07:30:645,1.509000,-2.372900,9.401900,-0.004800,0.001700,9.806600,0.1070000,-0.0036000,-0.0062000,-10.440,-29.620,30.750,3.590,-85.360,-158.810,1,58.828,1.99000,2.530556,0.567560
52.40692500,-1.59659900,180.620,16.2500,3.00,170.490,28,11200.0,2019-09-08 11:07:30:745,-2.032100,-0.518000,9.932700,-0.030700,0.053700,9.806400,0.0398000,0.0416000,-0.0696000,-11.620,-29.500,28.630,1.760,-85.630,-155.890,1,59.623,10.97000,2.208333,3.170993
52.40692500,-1.59659900,180.620,16.2500,3.00,170.490,28,11300.0,2019-09-08 11:07:30:846,0.995800,0.365600,9.690600,-0.009200,0.046600,9.806500,0.0370000,0.0768000,-0.0678000,-12.250,-29.370,28.000,359.730,-85.690,-157.050,1,58.738,-15.60000,-2.458333,-4.442410
52.40692500,-1.59659900,180.620,16.2500,3.00,170.490,28,11400.0,2019-09-08 11:07:30:946,0.072100,-0.382800,10.733200,0.023100,-0.040100,9.806500,0.0622000,0.0335000,0.0292000,-12.250,-29.120,29.190,357.250,-85.650,-160.070,1,58.666,8.21000,-0.200000,2.335095
52.40692500,-1.59659900,180.620,16.2500,3.00,170.490,28,11500.0,2019-09-08 11:07:31:046,0.703800,-1.817300,10.511200,0.018800,-0.053100,9.806400,0.0627000,-0.0236000,0.1078000,-12.440,-28.750,29.440,354.540,-85.290,-162.550,1,58.500,5.64000,-0.461111,1.599594
52.40692500,-1.59659900,180.620,16.2500,3.00,170.490,28,11600.0,2019-09-08 11:07:31:145,0.272600,0.419800,10.094700,-0.017400,0.025200,9.806500,0.1092000,-0.0508000,0.0316000,-13.000,-28.940,29.310,353.350,-85.290,-161.980,1,58.594,-1.83000,0.261111,-0.519851
52.40692500,-1.59659900,180.620,16.2500,3.00,170.490,28,11700.0,2019-09-08 11:07:31:245,-0.377800,-0.608300,9.777200,-0.019000,0.021400,9.806500,0.1959000,0.0035000,-0.0013000,-13.060,-28.940,29.750,356.540,-85.350,-159.770,1,59.904,-3.91000,3.638889,-1.135553
52.40692500,-1.59659900,180.620,16.2500,3.00,170.490,28,11800.0,2019-09-08 11:07:31:346,-1.061800,1.176900,9.733800,-0.016600,0.011800,9.806600,0.1188000,0.1289000,-0.0170000,-12.620,-28.620,29.500,356.260,-85.270,-160.020,1,59.875,10.96000,-0.080556,3.181493
52.40692500,-1.59659900,180.620,16.2500,3.00,170.490,27,11900.0,2019-09-08 11:07:31:445,0.725200,-1.350600,10.749200,-0.032900,0.057000,9.806400,0.2419000,0.0849000,-0.0236000,-12.870,-28.870,29.940,356.210,-85.250,-160.070,1,59.879,1.70000,0.011111,0.493513
52.40692500,-1.59659900,180.620,16.2500,3.00,170.490,27,12000.0,2019-09-08 11:07:31:546,1.020800,-1.267700,10.091700,0.036400,-0.059200,9.806400,-0.3433000,-0.0455000,0.0867000,-12.870,-29.120,30.690,356.990,-85.250,-160.030,1,59.760,-4.26000,-0.330556,-1.234227
52.40692500,-1.59659900,180.620,16.2500,3.00,170.490,27,12100.0,2019-09-08 11:07:31:645,-0.367500,0.648400,10.563000,0.016900,-0.058000,9.806400,-0.2794000,0.0198000,0.0343000,-12.750,-28.560,29.810,353.890,-84.910,-162.180,1,59.821,-5.82000,0.169444,-1.687919
52.40692500,-1.59659900,180.620,16.2500,3.00,170.490,27,12200.0,2019-09-08 11:07:31:746,0.860800,0.918700,10.390900,-0.021100,0.065900,9.806400,0.3257000,-0.0080000,0.0384000,-13.120,-28.190,30.380,353.420,-84.820,-162.610,1,57.953,-28.39000,-5.188889,-7.976570
52.40692500,-1.59659900,180.620,16.2500,3.00,170.490,27,12300.0,2019-09-08 11:07:31:846,1.155600,-1.519500,9.055300,-0.022400,0.061300,9.806400,0.3369000,0.0601000,0.0384000,-13.000,-28.620,30.500,355.290,-85.260,-161.610,1,59.051,19.27000,3.050000,5.516757
52.40692500,-1.59659900,180.620,16.2500,3.00,170.490,27,12400.0,2019-09-08 11:07:31:946,-0.793200,-1.174700,10.983700,-0.005600,-0.036400,9.806500,-0.0365000,-0.0060000,0.0325000,-13.560,-28.690,29.750,353.910,-85.030,-160.590,1,58.345,-11.24000,-1.961111,-3.179397
52.40692500,-1.59659900,180.620,16.2500,3.00,170.490,27,12500.0,2019-09-08 11:07:32:046,0.754500,0.415400,10.295800,0.011500,-0.063400,9.806300,-0.0497000,0.0295000,-0.0377000,-13.000,-28.870,29.690,355.670,-84.790,-160.540,1,59.134,17.32000,2.191667,4.965466
52.40692500,-1.59659900,180.620,16.2500,3.00,170.490,27,12600.0,2019-09-08 11:07:32:146,0.985800,-0.382100,10.507500,-0.007900,-0.006800,9.806600,0.0245000,-0.0524000,0.1134000,-13.000,-28.250,30.380,356.270,-84.600,-159.990,1,59.962,-0.40000,2.300000,-0.116282
52.40692500,-1.59659900,180.620,16.2500,3.00,170.490,27,12700.0,2019-09-08 11:07:32:245,0.662500,-0.915200,7.650600,0.004700,0.011900,9.806600,-0.2031000,-0.0404000,0.0772000,-12.810,-28.440,30.190,357.140,-84.490,-159.180,1,60.692,6.25000,2.027778,1.839019
52.40692500,-1.59659900,180.620,16.2500,3.00,170.490,27,12800.0,2019-09-08 11:07:32:346,-1.345300,0.953800,7.618800,-0.013700,0.019300,9.806600,-0.3869000,-0.0125000,0.0391000,-13.120,-28.620,30.310,358.660,-84.700,-157.800,1,60.815,4.31000,0.341667,1.270758
52.40692500,-1.59659900,180.620,16.2500,3.00,170.490,27,12900.0,2019-09-08 11:07:32:446,0.726800,-1.675400,10.536700,0.003300,0.022500,9.806500,0.2194000,0.0013000,-0.0355000,-12.750,-28.310,30.130,0.200,-85.240,-156.390,1,60.433,-8.52000,-1.061111,-2.496253
52.40692500,-1.59659900,180.620,16.2500,3.00,170.490,26,13000.0,2019-09-08 11:07:32:546,0.499100,0.932800,9.671800,0.002500,-0.010200,9.806600,-0.0428000,0.0099000,-0.0845000,-12.940,-28.940,29.880,357.870,-85.060,-158.540,1,60.750,0.33000,0.880556,0.097193
52.40692500,-1.59659900,180.620,16.2500,3.00,170.490,26,13100.0,2019-09-08 11:07:32:645,0.229500,1.448300,10.581600,-0.001600,0.011800,9.806600,0.0050000,0.0315000,-0.0240000,-12.500,-27.940,31.130,359.340,-84.830,-159.440,1,60.833,-9.44000,0.230556,-2.784108
52.40692500,-1.59659900,180.620,16.2500,3.00,170.490,26,13200.0,2019-09-08 11:07:32:745,-0.253300,-1.748800,11.005300,0.005100,-0.073000,9.806300,-0.1746000,0.0423000,0.0172000,-12.690,-28.250,30.250,357.240,-84.610,-159.090,1,60.829,7.51000,-0.011111,2.214754
52.40692500,-1.59659900,180.620,16.2500,3.00,170.490,26,13300.0,2019-09-08 11:07:32:846,-0.534100,-0.147500,9.314700,0.004800,-0.054800,9.806400,-0.1984000,-0.0279000,0.0656000,-13.560,-28.440,30.440,357.380,-84.210,-157.360,1,60.552,1.86000,-0.769444,0.546030
52.40692500,-1.59659900,180.620,16.2500,3.00,170.490,26,13400.0,2019-09-08 11:07:32:945,-0.317500,-0.512800,6.805600,-0.042800,0.077900,9.806200,0.0853000,0.0332000,0.0233000,-13.810,-28.690,30.130,0.740,-84.370,-154.310,1,60.430,-4.50000,-0.338889,-1.318378
52.40692500,-1.59659900,180.620,16.2500,3.00,170.490,26,13500.0,2019-09-08 11:07:33:046,-1.167600,2.053600,7.730500,-0.060200,0.155500,9.805100,0.0487000,0.1201000,-0.1983000,-13.560,-28.870,30.000,5.480,-84.980,-149.940,1,60.887,1.70000,1.269444,0.501820
52.40692500,-1.59659900,180.620,16.2500,3.00,170.490,26,13600.0,2019-09-08 11:07:33:145,1.887200,-5.078800,12.734400,0.102900,-0.210700,9.803800,-0.1012000,0.0164000,-0.0968000,-13.060,-27.750,30.190,355.640,-83.820,-160.510,1,60.937,0.35000,0.138889,0.103401
52.40692500,-1.59659900,180.620,16.2500,3.00,170.490,26,13700.0,2019-09-08 11:07:33:246,1.451500,-2.508300,12.568000,0.070300,-0.174900,9.804700,0.0034000,0.0110000,-0.0619000,-13.000,-27.690,31.060,354.860,-83.730,-161.890,1,61.294,-0.88000,0.991667,-0.261502
52.40692500,-1.59659900,180.620,16.2500,3.00,170.490,26,13800.0,2019-09-08 11:07:33:345,-0.250000,-1.419600,10.887300,-0.053900,0.073000,9.806200,-0.3107000,0.0508000,-0.1177000,-12.870,-26.940,30.560,355.460,-83.950,-161.380,1,60.754,4.09000,-1.500000,1.204684
52.40692500,-1.59659900,180.620,16.2500,3.00,170.490,27,13900.0,2019-09-08 11:07:33:445,-1.392900,1.223400,9.410700,-0.010100,0.048500,9.806500,-0.3158000,-0.0550000,0.0119000,-11.060,-28.940,28.310,0.060,-84.470,-158.500,1,60.304,2.80000,-1.250000,0.818614
52.40692500,-1.59659900,180.620,16.2500,3.00,170.490,27,14000.0,2019-09-08 11:07:33:546,-0.368800,0.956100,10.347500,0.018900,-0.016100,9.806500,0.1859000,0.0018000,0.0078000,-10.250,-31.190,30.750,3.460,-84.530,-158.990,1,60.880,-2.16000,1.600000,-0.637534
52.40692500,-1.59659900,180.620,16.2500,3.00,170.490,27,14100.0,2019-09-08 11:07:33:645,0.606500,-0.051700,10.260300,0.015400,-0.037500,9.806600,0.0852000,0.0201000,0.0039000,-9.750,-29.560,31.810,1.000,-84.240,-161.740,1,61.117,-3.77000,0.658333,-1.117064
52.40692500,-1.59659900,180.620,16.2500,3.00,170.490,27,14200.0,2019-09-08 11:07:33:745,-0.372600,-0.873700,9.426300,-0.010200,0.009000,9.806600,0.0633000,-0.0185000,0.0580000,-9.370,-28.750,30.810,2.390,-84.230,-161.650,1,61.178,3.36000,0.169444,0.996574
52.40692500,-1.59659900,180.620,16.2500,3.00,170.490,27,14300.0,2019-09-08 11:07:33:845,-0.126800,-0.049400,9.957700,-0.025600,0.008500,9.806600,-0.0144000,0.0086000,0.0357000,-10.440,-30.120,31.000,2.870,-84.260,-159.530,1,60.930,0.75000,-0.688889,0.221548
52.40692500,-1.59659900,180.620,16.2500,3.00,170.490,27,14400.0,2019-09-08 11:07:33:945,-0.236100,-0.398900,10.499200,-0.011300,0.008300,9.806600,0.0683000,-0.0613000,-0.0042000,-10.870,-31.120,30.690,3.310,-84.260,-157.480,1,60.955,1.00000,0.069444,0.295518
52.40692500,-1.59659900,180.620,16.2500,3.00,170.490,27,14500.0,2019-09-08 11:07:34:046,0.413500,0.261500,10.417100,0.007800,-0.004000,9.806600,0.0500000,0.0281000,-0.1282000,-10.250,-32.060,31.810,6.130,-84.200,-157.130,1,60.962,-1.72000,0.019444,-0.508350
52.40692500,-1.59659900,180.620,16.2500,3.00,170.490,27,14600.0,2019-09-08 11:07:34:145,-0.559800,-0.435500,9.744700,0.014100,0.014800,9.806600,-0.0250000,0.0167000,-0.0713000,-11.560,-30.190,33.060,0.650,-84.030,-159.430,1,61.366,-1.82000,1.122222,-0.541470
52.40692500,-1.59659900,180.620,16.2500,3.00,170.490,27,14700.0,2019-09-08 11:07:34:245,0.538800,0.172900,9.967300,0.000300,0.014400,9.806600,0.0382000,0.0079000,-0.0594000,-11.560,-27.750,31.940,357.130,-84.040,-162.060,1,60.926,1.62000,-1.222222,0.478512
52.40692500,-1.59659900,180.620,16.2500,3.00,170.490,27,14800.0,2019-09-08 11:07:34:346,0.199600,-0.290500,9.359300,0.011100,-0.018700,9.806600,-0.1087000,-0.0072000,-0.0028000,-12.190,-27.810,31.940,355.860,-83.890,-163.200,1,61.063,2.30000,0.380556,0.680896
52.40692500,-1.59659900,180.620,16.2500,3.00,170.490,29,14900.0,2019-09-08 11:07:34:447,-0.082300,-0.569100,9.113900,0.000300,0.005300,9.806600,-0.0194000,-0.0236000,0.0052000,-12.620,-28.310,31.940,354.840,-84.070,-162.590,1,61.279,0.21000,0.600000,0.062389
52.40692500,-1.59659900,180.620,16.2500,3.00,170.490,29,15000.0,2019-09-08 11:07:34:545,-0.186300,0.760300,8.243100,-0.000100,0.079000,9.806300,0.0994000,0.0236000,-0.0442000,-12.560,-28.440,31.440,352.790,-84.090,-163.810,1,61.254,-0.30000,-0.069444,-0.089090
52.40692500,-1.59659900,180.620,16.2500,3.00,170.490,29,15100.0,2019-09-08 11:07:34:646,-0.060400,1.138600,8.848500,-0.009300,0.068600,9.806300,0.0946000,-0.1231000,0.0916000,-12.560,-28.620,30.750,350.050,-84.710,-166.370,1,61.736,-0.92000,1.338889,-0.275360
52.40692500,-1.59659900,180.620,16.2500,3.00,170.490,29,15200.0,2019-09-08 11:07:34:746,-0.251800,1.165700,9.986800,0.011800,-0.015600,9.806600,-0.1426000,0.0768000,-0.1077000,-12.500,-28.870,30.810,351.870,-84.650,-166.280,1,61.502,-0.57000,-0.650000,-0.169957
52.40692500,-1.59659900,180.620,16.2500,3.00,170.490,29,15300.0,2019-09-08 11:07:34:846,-0.320500,-0.537000,12.438200,-0.009800,0.006100,9.806600,0.1279000,-0.1056000,0.0575000,-12.500,-28.250,31.380,350.140,-84.290,-167.830,1,61.783,3.55000,0.780556,1.063340
52.40692500,-1.59659900,180.620,16.2500,3.00,170.490,29,15400.0,2019-09-08 11:07:34:945,1.705100,-2.334700,10.712300,0.036100,-0.129600,9.805700,-0.1630000,-0.0672000,0.0529000,-12.690,-28.250,30.880,349.730,-83.440,-166.480,1,62.431,3.09000,1.800000,0.935263
52.40692500,-1.59659900,180.620,16.2500,3.00,170.490,29,15500.0,2019-09-08 11:07:35:046,-1.376500,-0.050400,10.102900,0.003300,-0.060000,9.806400,-0.2584000,-0.0749000,0.0418000,-12.690,-27.750,31.310,351.320,-83.420,-165.050,1,61.085,-12.70000,-3.738889,-3.761085
52.40692500,-1.59659900,180.620,16.2500,3.00,170.490,29,15600.0,2019-09-08 11:07:35:146,1.765200,-0.263000,9.194300,0.013200,0.011500,9.806600,-0.0010000,-0.1331000,0.1427000,-12.120,-28.440,31.380,355.400,-83.350,-162.960,1,60.815,10.92000,-0.750000,3.219647
52.40692500,-1.59659900,180.620,16.2500,3.00,170.490,29,15700.0,2019-09-08 11:07:35:246,1.228000,0.581500,9.940800,-0.010300,-0.024600,9.806600,-0.0980000,0.0123000,0.0137000,-13.310,-28.120,31.630,355.230,-83.400,-162.180,1,61.924,-6.62000,3.080556,-1.987430
52.40692500,-1.59659900,180.620,16.2500,3.00,170.490,29,15800.0,2019-09-08 11:07:35:346,0.320600,0.318000,9.600500,0.008300,0.013200,9.806600,0.0967000,0.0320000,0.0618000,-12.750,-28.250,31.440,355.820,-83.540,-161.010,1,60.520,2.30000,-3.900000,0.674841
52.40692500,-1.59659900,180.620,16.2500,3.00,170.490,29,15900.0,2019-09-08 11:07:35:446,0.348000,0.073700,10.347800,-0.016400,0.005900,9.806600,0.1004000,0.0641000,-0.0323000,-12.750,-28.120,31.380,357.220,-83.640,-159.750,1,61.834,7.02000,3.650000,2.104453
52.40692500,-1.59659900,180.620,16.2500,3.00,170.490,27,16000.0,2019-09-08 11:07:35:546,0.440300,-1.417300,10.957800,0.021600,-0.032100,9.806500,-0.0364000,-0.0028000,-0.0424000,-12.810,-28.440,31.750,356.490,-83.450,-161.060,1,61.456,-13.44000,-1.050000,-4.004409
52.40692500,-1.59659900,180.620,16.2500,3.00,170.490,27,16100.0,2019-09-08 11:07:35:645,0.631300,-0.141800,10.635900,0.035800,-0.050800,9.806400,-0.0240000,-0.0434000,0.0602000,-13.060,-27.940,31.880,354.560,-83.320,-162.780,1,61.600,1.03000,0.400000,0.307605
52.40692500,-1.59659900,180.620,16.2500,3.00,170.490,27,16200.0,2019-09-08 11:07:35:745,-2.066900,-0.851100,9.372600,-0.026400,0.035900,9.806500,0.0729000,0.0642000,-0.0262000,-13.000,-28.060,31.250,353.840,-83.260,-162.760,1,61.643,0.92000,0.119444,0.274945
52.40692500,-1.59659900,180.620,16.2500,3.00,170.490,27,16300.0,2019-09-08 11:07:35:846,0.041500,1.081300,9.355700,-0.052800,0.068700,9.806200,-0.0108000,0.0996000,-0.0056000,-13.250,-28.060,31.130,355.910,-83.530,-160.930,1,60.808,-5.03000,-2.319444,-1.482872
52.40692500,-1.59659900,180.620,16.2500,3.00,170.490,27,16400.0,2019-09-08 11:07:35:946,1.260500,-0.619200,9.050200,0.022700,-0.043100,9.806500,0.1747000,0.0127000,0.0263000,-13.440,-28.750,31.440,355.810,-83.380,-160.990,1,60.815,1.08000,0.019444,0.318427
52.40692500,-1.59659900,180.620,16.2500,3.00,170.490,27,16500.0,2019-09-08 11:07:36:046,0.721700,-1.932300,9.651100,0.017200,-0.077700,9.806200,-0.4847000,0.1543000,-0.0235000,-13.500,-28.560,31.810,357.310,-83.300,-160.300,1,62.100,-4.84000,3.569444,-1.457175
52.40692500,-1.59659900,180.620,16.2500,3.00,170.490,27,16600.0,2019-09-08 11:07:36:145,1.616600,0.883500,8.741100,-0.021700,0.099500,9.806100,-0.4699000,0.0522000,-0.0289000,-13.060,-28.620,32.130,357.620,-83.260,-160.020,1,62.089,4.07000,-0.030556,1.225135
52.40692500,-1.59659900,180.620,16.2500,3.00,170.490,27,16700.0,2019-09-08 11:07:36:246,-0.555400,2.898400,10.349500,-0.028200,0.087100,9.806200,0.5086000,0.0235000,-0.0283000,-13.440,-27.620,32.000,358.560,-83.620,-159.190,1,61.848,0.57000,-0.669444,0.170913
52.40692500,-1.59659900,180.620,16.2500,3.00,170.490,27,16800.0,2019-09-08 11:07:36:345,0.123600,-1.714100,11.171900,0.031900,-0.096600,9.806100,-0.0310000,0.0332000,-0.0980000,-13.000,-28.370,32.130,357.020,-83.320,-160.570,1,61.420,2.91000,-1.188889,0.866518
52.40692500,-1.59659900,180.620,16.2500,3.00,170.490,27,16900.0,2019-09-08 11:07:36:445,0.530100,0.500900,9.290800,0.031900,-0.073200,9.806300,-0.1700000,0.0797000,-0.0837000,-13.190,-27.750,32.190,354.670,-82.740,-162.630,1,61.819,-3.55000,1.108333,-1.063960
52.40692500,-1.59659900,180.620,16.2500,3.00,170.490,27,17000.0,2019-09-08 11:07:36:546,-0.761600,-0.240000,8.583300,-0.013400,0.057100,9.806400,0.0134000,0.0600000,-0.0173000,-12.690,-27.690,31.500,354.340,-83.280,-162.970,1,61.585,6.05000,-0.650000,1.806364
52.40692500,-1.59659900,180.620,16.2500,3.00,170.490,27,17100.0,2019-09-08 11:07:36:645,0.669000,1.635800,9.079400,-0.012300,0.062000,9.806400,0.0734000,-0.0130000,-0.0243000,-12.370,-27.870,31.940,354.840,-83.440,-164.090,1,61.376,-2.60000,-0.580556,-0.773654
52.40692500,-1.59659900,180.620,16.2500,3.00,170.490,27,17200.0,2019-09-08 11:07:36:746,-0.005100,-0.609100,10.389800,0.036600,-0.043500,9.806400,-0.1723000,-0.0232000,-0.0460000,-12.500,-27.810,31.690,353.960,-83.450,-164.890,1,61.657,-0.12000,0.780556,-0.035871
52.40692500,-1.59659900,180.620,16.2500,3.00,170.490,27,17300.0,2019-09-08 11:07:36:846,0.514700,-0.542600,10.100400,0.023100,-0.031900,9.806500,-0.1134000,-0.0067000,0.0150000,-13.000,-27.810,31.810,349.520,-83.330,-167.320,1,62.194,0.25000,1.491667,0.075381
52.40692500,-1.59659900,180.620,16.2500,3.00,170.490,27,17400.0,2019-09-08 11:07:36:946,-0.225000,0.975900,9.974800,-0.008000,0.021400,9.806600,0.0153000,-0.0298000,0.0997000,-12.190,-28.250,31.810,351.370,-83.390,-167.210,1,61.582,3.59000,-1.700000,1.071823
52.40692500,-1.59659900,180.620,16.2500,3.00,170.490,27,17500.0,2019-09-08 11:07:37:045,0.503100,-0.430900,10.490900,-0.020100,-0.002000,9.806600,0.1094000,0.0524000,0.0413000,-12.870,-28.250,32.440,351.230,-83.420,-165.790,1,61.362,5.38000,-0.611111,1.600504
52.40692500,-1.59659900,180.620,16.2500,3.00,170.490,27,17600.0,2019-09-08 11:07:37:145,-0.149900,0.612200,10.713000,-0.003400,-0.007000,9.806600,0.0803000,-0.0515000,0.0211000,-13.060,-27.940,32.190,352.070,-83.250,-165.010,1,61.931,-17.45000,1.580556,-5.239362
52.40692500,-1.59659900,180.620,16.2500,3.00,170.490,27,17700.0,2019-09-08 11:07:37:245,-0.309500,-0.431200,10.000000,0.005500,-0.006500,9.806600,-0.0099000,-0.0357000,-0.0151000,-12.250,-28.060,32.250,353.890,-83.160,-164.910,1,62.053,10.58000,0.338889,3.182902
52.40692500,-1.59659900,180.620,16.2500,3.00,170.490,27,17800.0,2019-09-08 11:07:37:345,-0.364200,-0.061500,10.763400,0.001200,0.012000,9.806600,0.1234000,0.0080000,-0.0477000,-12.620,-27.500,32.310,352.010,-83.110,-165.070,1,62.453,0.61000,1.111111,0.184696
52.40692500,-1.59659900,180.620,16.2500,3.00,170.490,28,17900.0,2019-09-08 11:07:37:446,-1.055900,-0.930500,10.118200,0.021900,-0.004900,9.806600,0.0681000,-0.0686000,0.0419000,-12.250,-27.620,32.500,352.230,-83.100,-166.990,1,62.168,1.36000,-0.791667,0.409903
52.40692500,-1.59659900,180.620,16.2500,3.00,170.490,28,18000.0,2019-09-08 11:07:37:545,0.037900,0.583500,10.891600,0.011000,-0.015200,9.806600,0.0657000,0.0168000,-0.0442000,-12.310,-27.810,32.560,350.640,-83.040,-168.410,1,62.035,-7.81000,-0.369444,-2.348890
52.40692500,-1.59659900,180.620,16.2500,3.00,170.490,28,18100.0,2019-09-08 11:07:37:645,1.489900,-1.334300,10.377500,0.006800,-0.015000,9.806600,0.1459000,-0.0204000,-0.0116000,-12.500,-27.370,32.440,349.440,-82.800,-168.880,1,61.474,-4.14000,-1.558333,-1.233862
52.40692500,-1.59659900,180.620,16.2500,3.00,170.490,28,18200.0,2019-09-08 11:07:37:745,-0.560600,0.694700,8.534200,-0.043700,0.057600,9.806400,-0.0494000,-0.0077000,0.0564000,-12.250,-28.120,32.060,351.860,-82.990,-166.710,1,61.330,9.23000,-0.400000,2.744413
52.40692500,-1.59659900,180.620,16.2500,3.00,170.490,28,18300.0,2019-09-08 11:07:37:845,-0.781100,2.240900,9.916200,-0.062100,0.088000,9.806000,0.0624000,0.0028000,0.0548000,-12.690,-28.060,31.690,352.950,-83.130,-164.210,1,61.193,-2.33000,-0.380556,-0.691246
52.40692500,-1.59659900,180.620,16.2500,3.00,170.490,28,18400.0,2019-09-08 11:07:37:946,0.932600,-1.195800,9.493800,0.018600,-0.073100,9.806300,-0.3027000,-0.0298000,0.0205000,-12.750,-27.810,32.190,356.440,-83.120,-161.080,1,61.236,-1.13000,0.119444,-0.335475
52.40692500,-1.59659900,180.620,16.2500,3.00,170.490,28,18500.0,2019-09-08 11:07:38:046,-0.438100,1.001900,9.662800,0.006400,-0.061600,9.806400,-0.2376000,0.0083000,0.0036000,-13.000,-28.060,32.000,357.850,-82.590,-159.790,1,61.438,2.19000,0.561111,0.652313
52.40692500,-1.59659900,180.620,16.2500,3.00,170.490,28,18600.0,2019-09-08 11:07:38:146,-0.463700,0.003000,10.201200,-0.014000,0.020500,9.806500,0.1348000,0.0279000,-0.0183000,-13.190,-28.190,31.690,358.920,-82.420,-158.850,1,61.333,-1.99000,-0.291667,-0.591728
52.40692500,-1.59659900,180.620,16.2500,3.00,170.490,28,18700.0,2019-09-08 11:07:38:246,0.110000,1.524000,10.103000,0.000900,0.016600,9.806600,0.0819000,0.0241000,-0.0008000,-13.500,-28.250,32.060,358.800,-82.460,-158.950,1,61.592,1.67000,0.719444,0.498673
52.40692500,-1.59659900,180.620,16.2500,3.00,170.490,28,18800.0,2019-09-08 11:07:38:345,0.316200,-0.434100,10.838100,0.020100,-0.027800,9.806600,-0.0289000,0.0095000,-0.0267000,-12.870,-27.560,32.500,357.720,-82.240,-160.520,1,60.984,1.26000,-1.688889,0.372530
52.40692500,-1.59659900,180.620,16.2500,3.00,170.490,28,18900.0,2019-09-08 11:07:38:446,0.183600,-0.773500,9.813700,0.017300,-0.009400,9.806500,0.0302000,0.0133000,-0.0702000,-13.190,-27.870,32.440,355.930,-82.360,-161.490,1,61.117,1.76000,0.369444,0.521494
52.40692500,-1.59659900,180.620,16.2500,3.00,170.490,27,19000.0,2019-09-08 11:07:38:545,0.195000,0.573200,9.534200,0.000400,0.027100,9.806500,0.0188000,0.0210000,-0.0457000,-12.560,-27.620,32.810,354.850,-82.590,-163.080,1,60.559,-3.57000,-1.550000,-1.048146
52.40692500,-1.59659900,180.620,16.2500,3.00,170.490,27,19100.0,2019-09-08 11:07:38:645,-0.292500,-0.501300,9.663800,0.003300,0.013700,9.806600,0.0550000,-0.0042000,0.0145000,-12.750,-27.940,32.440,353.210,-82.880,-163.940,1,60.372,-1.43000,-0.519444,-0.418549
52.40692500,-1.59659900,180.620,16.2500,3.00,170.490,27,19200.0,2019-09-08 11:07:38:745,0.861700,0.578500,9.387100,-0.006300,0.010100,9.806600,0.0893000,-0.0054000,0.0073000,-12.870,-27.690,32.250,352.720,-82.890,-164.380,1,60.700,6.01000,0.911111,1.768634
52.40692500,-1.59659900,180.620,16.2500,3.00,170.490,27,19300.0,2019-09-08 11:07:38:845,-0.163400,-0.152500,9.965800,-0.008300,0.019500,9.806600,0.0395000,-0.0186000,0.0259000,-13.810,-27.500,32.630,352.230,-82.830,-164.000,1,60.376,-6.90000,-0.900000,-2.019707
52.40692500,-1.59659900,180.620,16.2500,3.00,170.490,27,19400.0,2019-09-08 11:07:38:945,0.651800,-0.465200,10.391600,0.008400,-0.026800,9.806500,-0.0546000,0.0003000,0.0458000,-13.190,-27.310,32.750,353.900,-82.590,-163.950,1,60.638,1.47000,0.727778,0.432153
52.40692500,-1.59659900,180.620,16.2500,3.00,170.490,27,19500.0,2019-09-08 11:07:39:045,0.567700,0.815600,10.089200,-0.007200,-0.002600,9.806600,0.0622000,0.0982000,-0.0541000,-12.870,-27.810,32.560,354.520,-82.530,-163.370,1,60.415,-3.41000,-0.619444,-0.998790
52.40692500,-1.59659900,180.620,16.2500,3.00,170.490,27,19600.0,2019-09-08 11:07:39:145,0.365200,-0.163500,9.081900,-0.018700,0.012300,9.806500,0.0036000,0.0428000,0.0557000,-13.440,-27.500,32.690,354.850,-82.410,-163.080,1,59.926,-1.89000,-1.358333,-0.549101
52.40692500,-1.59659900,180.620,16.2500,3.00,170.490,27,19700.0,2019-09-08 11:07:39:246,-1.192300,0.726200,10.414400,-0.013300,0.010600,9.806600,-0.0199000,0.0027000,0.0739000,-13.620,-27.870,32.380,354.500,-82.410,-161.240,1,59.695,-2.95000,-0.641667,-0.853758
52.40692500,-1.59659900,180.620,16.2500,3.00,170.490,27,19800.0,2019-09-08 11:07:39:346,-1.493400,0.911700,11.211700,0.023000,-0.075800,9.806200,0.0769000,-0.0002000,-0.0858000,-14.120,-27.060,32.690,355.240,-82.310,-161.250,1,60.001,0.23000,0.850000,0.066905
52.40692500,-1.59659900,180.620,16.2500,3.00,170.490,27,19900.0,2019-09-08 11:07:39:446,0.255400,0.821200,9.215300,0.053800,-0.097700,9.805900,-0.0745000,0.0258000,-0.0927000,-13.940,-27.500,33.500,353.520,-81.560,-163.340,1,59.537,1.87000,-1.288889,0.539763
52.40558000,-1.59622900,177.950,16.7800,3.00,169.130,29,20000.0,2019-09-08 11:07:39:545,0.070700,-0.152100,8.713400,0.033300,-0.002000,9.806500,-0.0374000,-0.0246000,-0.0106000,-13.060,-27.370,32.880,354.330,-82.120,-163.530,1,59.364,-1.08000,-0.480556,-0.310829
52.40558000,-1.59622900,177.950,16.7800,3.00,169.130,29,20100.0,2019-09-08 11:07:39:646,-0.887400,3.495300,8.206700,-0.020300,0.099200,9.806100,-0.0015000,0.0531000,-0.1407000,-12.500,-27.000,33.310,353.130,-82.360,-166.120,1,59.371,2.87000,0.019444,0.826097
52.40558000,-1.59622900,177.950,16.7800,3.00,169.130,29,20200.0,2019-09-08 11:07:39:746,0.845000,-1.326900,9.807600,0.037900,-0.059500,9.806300,-0.0595000,-0.1049000,0.0091000,-12.500,-26.870,32.250,349.730,-82.480,-168.570,1,59.144,-1.40000,-0.630556,-0.401433
52.40558000,-1.59622900,177.950,16.7800,3.00,169.130,29,20300.0,2019-09-08 11:07:39:845,-0.156600,-1.893600,9.111500,0.036800,-0.049400,9.806400,-0.0944000,-0.0238000,0.0041000,-13.310,-27.060,32.560,346.440,-82.140,-170.540,1,60.433,9.02000,3.580556,2.642747
52.40558000,-1.59622900,177.950,16.7800,3.00,169.130,29,20400.0,2019-09-08 11:07:39:946,-0.583400,1.317900,9.820100,-0.024400,0.036100,9.806500,0.2071000,0.0223000,-0.0618000,-13.250,-27.690,32.880,347.090,-82.420,-169.960,1,59.317,-10.80000,-3.100000,-3.105831
52.40558000,-1.59622900,177.950,16.7800,3.00,169.130,29,20500.0,2019-09-08 11:07:40:045,-0.138100,-1.021700,10.113600,-0.003300,0.029200,9.806500,0.1922000,-0.0578000,0.0712000,-12.940,-27.120,32.560,346.630,-82.330,-170.400,1,59.162,-0.88000,-0.430556,-0.252406
52.40558000,-1.59622900,177.950,16.7800,3.00,169.130,29,20600.0,2019-09-08 11:07:40:145,0.106700,-0.535100,10.122500,0.001700,-0.009200,9.806600,-0.0369000,-0.0217000,0.0570000,-13.310,-27.310,32.380,346.130,-82.210,-170.180,1,58.144,-8.43000,-2.827778,-2.376333
52.40558000,-1.59622900,177.950,16.7800,3.00,169.130,29,20700.0,2019-09-08 11:07:40:246,0.187500,-0.507900,9.930400,-0.012100,-0.006000,9.806600,-0.0231000,0.0503000,-0.0023000,-12.940,-27.120,32.940,347.380,-82.100,-169.690,1,59.130,10.14000,2.738889,2.906837
52.40558000,-1.59622900,177.950,16.7800,3.00,169.130,29,20800.0,2019-09-08 11:07:40:346,-0.004800,-1.260800,9.443800,0.001700,-0.006200,9.806600,-0.0949000,-0.0524000,0.0858000,-12.870,-27.250,32.750,348.170,-82.120,-168.990,1,58.694,-7.55000,-1.211111,-2.148402
52.40558000,-1.59622900,177.950,16.7800,3.00,169.130,29,20900.0,2019-09-08 11:07:40:445,-0.238300,0.431600,9.613500,-0.008000,-0.013200,9.806500,-0.1097000,-0.0310000,-0.0195000,-12.870,-27.810,32.750,349.260,-82.190,-168.000,1,59.400,2.07000,1.961111,0.596117
52.40558000,-1.59622900,177.950,16.7800,3.00,169.130,28,21000.0,2019-09-08 11:07:40:545,0.729100,-0.397500,9.806500,0.006800,0.000400,9.806500,-0.1144000,-0.0283000,-0.0065000,-13.120,-27.750,33.060,349.880,-82.330,-167.470,1,59.288,3.44000,-0.311111,0.988781
52.40558000,-1.59622900,177.950,16.7800,3.00,169.130,28,21100.0,2019-09-08 11:07:40:646,-0.732200,0.082400,9.849400,0.000400,0.012900,9.806600,-0.0735000,-0.0355000,0.0025000,-12.810,-27.870,32.810,349.690,-82.480,-167.660,1,58.838,-2.13000,-1.250000,-0.607592
52.40558000,-1.59622900,177.950,16.7800,3.00,169.130,28,21200.0,2019-09-08 11:07:40:746,0.215800,-0.658500,9.470000,0.003100,-0.007500,9.806600,0.0291000,-0.0291000,0.0008000,-13.000,-27.750,32.190,348.810,-82.500,-167.810,1,59.004,3.55000,0.461111,1.015511
52.40558000,-1.59622900,177.950,16.7800,3.00,169.130,28,21300.0,2019-09-08 11:07:40:846,0.732100,-0.190500,9.894500,-0.002700,0.007400,9.806600,0.0394000,-0.0110000,-0.0021000,-13.000,-27.750,32.190,348.770,-82.540,-167.850,1,59.123,3.07000,0.330556,0.879974
52.40558000,-1.59622900,177.950,16.7800,3.00,169.130,28,21400.0,2019-09-08 11:07:40:946,0.490500,1.223200,10.005200,-0.003800,0.021700,9.806600,0.0964000,-0.0692000,0.0706000,-13.190,-27.500,32.250,348.730,-82.580,-167.930,1,59.051,-8.90000,-0.200000,-2.547957
52.40558000,-1.59622900,177.950,16.7800,3.00,169.130,28,21500.0,2019-09-08 11:07:41:046,1.051600,-0.758700,10.060300,-0.007400,-0.000600,9.806600,0.0131000,0.0818000,-0.0819000,-13.560,-27.750,32.310,347.730,-82.690,-167.300,1,59.368,11.01000,0.880556,3.168944
52.40558000,-1.59622900,177.950,16.7800,3.00,169.130,28,21600.0,2019-09-08 11:07:41:146,0.503600,0.221900,9.696700,0.014600,0.005600,9.806600,-0.0818000,-0.0621000,0.0486000,-12.500,-27.750,32.130,349.910,-82.740,-168.410,1,59.292,-7.46000,-0.211111,-2.144420
52.40558000,-1.59622900,177.950,16.7800,3.00,169.130,28,21700.0,2019-09-08 11:07:41:245,0.745700,0.273700,9.647300,0.009600,-0.004200,9.806600,-0.0260000,0.0696000,-0.0948000,-13.190,-28.000,31.940,348.070,-82.730,-168.510,1,59.213,-5.56000,-0.219444,-1.596124
52.40558000,-1.59622900,177.950,16.7800,3.00,169.130,28,21800.0,2019-09-08 11:07:41:346,0.408000,-0.987100,9.782700,0.008400,-0.014000,9.806600,-0.1252000,-0.0050000,-0.0162000,-13.060,-27.560,32.440,346.940,-82.750,-169.530,1,59.015,8.19000,-0.550000,2.343264
52.40558000,-1.59622900,177.950,16.7800,3.00,169.130,28,21900.0,2019-09-08 11:07:41:446,0.322800,-0.799600,9.097100,-0.006600,-0.004800,9.806600,-0.1513000,0.0642000,-0.0761000,-12.250,-28.120,32.500,349.230,-82.690,-169.610,1,58.756,-4.96000,-0.719444,-1.412891
52.40558000,-1.59622900,177.950,16.7800,3.00,169.130,28,22000.0,2019-09-08 11:07:41:545,0.415600,-1.287200,9.728500,-0.000400,-0.002600,9.806600,0.0490000,-0.0275000,-0.0220000,-12.620,-28.120,32.880,347.600,-82.700,-169.570,1,59.375,3.20000,1.719444,0.921146
52.40558000,-1.59622900,177.950,16.7800,3.00,169.130,28,22100.0,2019-09-08 11:07:41:645,0.399100,0.241200,11.195800,0.001900,-0.008800,9.806600,0.0013000,0.0076000,-0.0475000,-12.870,-27.940,32.630,347.780,-82.740,-169.410,1,58.342,-3.32000,-2.869444,-0.939062
52.40558000,-1.59622900,177.950,16.7800,3.00,169.130,28,22200.0,2019-09-08 11:07:41:746,0.090700,0.397100,9.643300,-0.001700,-0.004100,9.806600,-0.0642000,-0.0427000,0.0055000,-13.000,-27.750,32.310,346.520,-82.820,-169.910,1,58.788,-7.86000,1.238889,-2.240196
52.40558000,-1.59622900,177.950,16.7800,3.00,169.130,28,22300.0,2019-09-08 11:07:41:845,0.512200,0.044400,9.904300,-0.015800,0.031000,9.806600,0.0293000,0.0152000,-0.0290000,-12.940,-27.560,32.440,347.180,-82.870,-169.330,1,58.061,-1.46000,-2.019444,-0.410972
52.40558000,-1.59622900,177.950,16.7800,3.00,169.130,28,22400.0,2019-09-08 11:07:41:946,0.453600,-1.868900,10.738500,0.015200,-0.051500,9.806500,-0.0829000,0.0733000,0.0416000,-12.620,-27.440,32.000,346.910,-82.930,-169.640,1,58.532,1.60000,1.308333,0.454034
52.40558000,-1.59622900,177.950,16.7800,3.00,169.130,28,22500.0,2019-09-08 11:07:42:046,1.568800,-0.618600,8.778300,0.008500,-0.032800,9.806500,-0.2165000,-0.0760000,-0.0140000,-13.000,-27.870,31.940,346.820,-82.790,-169.640,1,58.896,4.63000,1.011111,1.322031
52.40558000,-1.59622900,177.950,16.7800,3.00,169.130,28,22600.0,2019-09-08 11:07:42:145,0.005700,1.879300,10.146900,-0.020500,0.027400,9.806500,-0.0111000,-0.0990000,0.0477000,-13.190,-28.190,31.500,348.990,-83.150,-167.760,1,59.515,0.66000,1.719444,0.190434
52.40558000,-1.59622900,177.950,16.7800,3.00,169.130,28,22700.0,2019-09-08 11:07:42:245,0.872300,-0.096900,9.549100,-0.015300,-0.019700,9.806600,-0.0355000,0.0164000,0.0484000,-13.440,-28.310,31.940,350.230,-83.110,-166.650,1,59.591,-2.96000,0.211111,-0.855160
52.40558000,-1.59622900,177.950,16.7800,3.00,169.130,28,22800.0,2019-09-08 11:07:42:345,0.671500,0.279400,9.532200,-0.001900,-0.035900,9.806500,-0.1493000,-0.0032000,0.0160000,-13.750,-28.370,31.750,349.310,-82.900,-165.930,1,59.976,-0.94000,1.069444,-0.273326
52.40558000,-1.59622900,177.950,16.7800,3.00,169.130,28,22900.0,2019-09-08 11:07:42:445,0.750900,-0.883800,9.479300,-0.031000,0.023600,9.806500,0.0634000,0.0126000,0.0479000,-13.810,-28.190,32.310,351.200,-82.820,-164.230,1,60.037,3.10000,0.169444,0.902310
52.40558000,-1.59622900,177.950,16.7800,3.00,169.130,27,23000.0,2019-09-08 11:07:42:546,1.200900,-1.508800,9.984100,0.000200,-0.046100,9.806500,0.1405000,0.0865000,0.0071000,-13.620,-28.190,32.250,352.770,-82.940,-162.840,1,60.055,-4.57000,0.050000,-1.330578
52.40558000,-1.59622900,177.950,16.7800,3.00,169.130,27,23100.0,2019-09-08 11:07:42:646,0.000200,0.242000,9.312500,0.003300,-0.059000,9.806400,-0.1630000,0.0060000,0.0493000,-13.310,-28.440,31.380,356.420,-82.770,-160.430,1,59.558,-3.15000,-1.380556,-0.909548
52.40558000,-1.59622900,177.950,16.7800,3.00,169.130,27,23200.0,2019-09-08 11:07:42:745,0.320900,0.947100,9.354200,-0.031200,0.036600,9.806400,-0.0234000,0.0137000,0.0309000,-13.440,-28.000,31.630,358.360,-82.760,-159.350,1,60.127,0.71000,1.580556,0.206968
52.40558000,-1.59622900,177.950,16.7800,3.00,169.130,27,23300.0,2019-09-08 11:07:42:845,2.655900,-1.623000,10.179300,-0.043100,0.046600,9.806400,-0.1006000,-0.0152000,0.0217000,-14.440,-27.870,32.310,0.240,-82.870,-156.160,1,59.854,-3.40000,-0.758333,-0.986613
52.40558000,-1.59622900,177.950,16.7800,3.00,169.130,27,23400.0,2019-09-08 11:07:42:945,-0.449400,-2.209100,10.164500,-0.002500,-0.060300,9.806500,-0.1843000,-0.0278000,0.0854000,-14.560,-27.620,31.940,359.100,-82.720,-155.690,1,59.695,-5.39000,-0.441667,-1.559917
52.40558000,-1.59622900,177.950,16.7800,3.00,169.130,27,23500.0,2019-09-08 11:07:43:045,-1.552200,-1.093100,9.362500,0.013900,-0.005200,9.806600,0.2720000,0.1026000,-0.0698000,-14.870,-27.500,31.940,359.060,-82.420,-155.720,1,60.059,7.08000,1.011111,2.061514
52.40558000,-1.59622900,177.950,16.7800,3.00,169.130,27,23600.0,2019-09-08 11:07:43:145,0.933000,-1.074100,9.975300,0.007200,0.017300,9.806600,0.2362000,0.0182000,-0.0758000,-13.620,-27.690,32.130,359.910,-82.590,-156.450,1,60.296,-1.51000,0.658333,-0.441408
52.40558000,-1.59622900,177.950,16.7800,3.00,169.130,27,23700.0,2019-09-08 11:07:43:245,1.058800,-0.783200,10.485900,0.010900,-0.011700,9.806600,-0.2306000,-0.0288000,0.0258000,-14.560,-27.250,32.000,357.700,-82.740,-156.950,1,60.487,-6.37000,0.530556,-1.867998
52.40558000,-1.59622900,177.950,16.7800,3.00,169.130,27,23800.0,2019-09-08 11:07:43:346,0.145900,-0.556000,10.152400,-0.001400,0.019800,9.806600,-0.1929000,0.0756000,-0.0626000,-14.250,-27.750,31.190,358.290,-82.780,-157.220,1,60.718,9.85000,0.641667,2.899536
52.40558000,-1.59622900,177.950,16.7800,3.00,169.130,27,23900.0,2019-09-08 11:07:43:446,0.136600,-0.275900,9.373900,-0.009500,0.041300,9.806500,0.1897000,-0.0561000,0.0556000,-14.440,-28.440,32.000,359.110,-82.990,-157.170,1,60.448,-1.09000,-0.750000,-0.319436
52.40558000,-1.59622900,177.950,16.7800,3.00,169.130,28,24000.0,2019-09-08 11:07:43:546,-0.615100,-0.480900,9.893700,0.002200,-0.008000,9.806600,0.0805000,-0.0153000,0.0106000,-14.060,-28.250,31.940,358.250,-82.850,-157.940,1,60.800,-1.56000,0.977778,-0.459836
52.40558000,-1.59622900,177.950,16.7800,3.00,169.130,28,24100.0,2019-09-08 11:07:43:645,-0.496100,-0.744900,10.315700,0.003300,-0.018900,9.806600,-0.0440000,0.0188000,-0.0485000,-14.690,-27.310,31.750,356.720,-82.830,-157.820,1,60.278,-3.47000,-1.450000,-1.014059
52.40558000,-1.59622900,177.950,16.7800,3.00,169.130,28,24200.0,2019-09-08 11:07:43:745,-0.502600,0.113200,10.060700,-0.017900,0.002800,9.806600,-0.0694000,-0.0434000,0.0375000,-14.190,-28.190,32.000,359.250,-82.920,-157.040,1,60.869,-2.66000,1.641667,-0.784969
52.40558000,-1.59622900,177.950,16.7800,3.00,169.130,28,24300.0,2019-09-08 11:07:43:846,-0.692700,-1.735100,9.769800,-0.014700,-0.030200,9.806500,-0.1809000,0.0273000,-0.0168000,-14.000,-28.250,31.810,2.070,-82.790,-154.520,1,61.290,7.70000,1.169444,2.287996
52.40558000,-1.59622900,177.950,16.7800,3.00,169.130,28,24400.0,2019-09-08 11:07:43:946,0.658000,0.785600,9.026500,-0.015400,0.056600,9.806400,-0.2091000,0.0155000,-0.0632000,-14.060,-27.940,31.500,2.660,-83.120,-153.990,1,60.664,-5.80000,-1.738889,-1.705823
52.40558000,-1.59622900,177.950,16.7800,3.00,169.130,28,24500.0,2019-09-08 11:07:44:045,-0.323400,-0.598200,9.958200,-0.023000,0.039600,9.806500,0.0437000,-0.0308000,-0.0011000,-13.940,-28.250,31.880,3.070,-82.960,-153.620,1,60.880,1.33000,0.600000,0.392556
52.40558000,-1.59622900,177.950,16.7800,3.00,169.130,28,24600.0,2019-09-08 11:07:44:145,-0.661400,0.077600,9.795900,-0.008500,0.007300,9.806600,-0.0634000,-0.0854000,0.0414000,-14.120,-27.870,31.310,2.300,-82.840,-153.650,1,60.818,0.67000,-0.172222,0.197552
52.40558000,-1.59622900,177.950,16.7800,3.00,169.130,28,24700.0,2019-09-08 11:07:44:245,-0.736100,-0.623100,9.365800,-0.018400,0.034500,9.806500,0.1712000,-0.0118000,-0.0383000,-14.560,-27.870,31.380,1.570,-82.990,-152.770,1,60.728,4.76000,-0.250000,1.401428
52.40558000,-1.59622900,177.950,16.7800,3.00,169.130,28,24800.0,2019-09-08 11:07:44:345,0.034600,0.685600,10.624700,0.029300,-0.028100,9.806500,0.0422000,0.0221000,-0.0444000,-14.870,-27.310,31.690,1.980,-82.960,-153.110,1,61.034,-3.89000,0.850000,-1.151056
52.40558000,-1.59622900,177.950,16.7800,3.00,169.130,27,24900.0,2019-09-08 11:07:44:445,-0.766200,-1.594100,9.569600,0.032000,-0.012800,9.806500,-0.0269000,-0.0053000,-0.0716000,-14.250,-27.750,31.250,359.700,-82.850,-155.970,1,61.013,5.58000,-0.058333,1.650560
52.40558000,-1.59622900,177.950,16.7800,3.00,169.130,27,25000.0,2019-09-08 11:07:44:546,-0.029300,-0.327000,9.106000,0.011700,0.037400,9.806500,-0.0432000,0.0877000,-0.0935000,-14.310,-27.940,31.500,358.100,-83.140,-158.080,1,61.376,-0.99000,1.008333,-0.294584
52.40558000,-1.59622900,177.950,16.7800,3.00,169.130,27,25100.0,2019-09-08 11:07:44:645,0.500200,-1.683200,9.433900,0.005300,0.041100,9.806500,-0.1213000,0.0270000,-0.0633000,-14.120,-27.870,31.630,357.380,-83.350,-158.730,1,61.193,0.89000,-0.508333,0.264038
52.40558000,-1.59622900,177.950,16.7800,3.00,169.130,27,25200.0,2019-09-08 11:07:44:746,1.105200,-0.275200,9.052200,0.015900,0.007700,9.806600,-0.1630000,0.0208000,-0.0855000,-13.750,-28.120,31.310,356.320,-83.410,-159.000,1,61.621,2.62000,1.188889,0.782717
52.40558000,-1.59622900,177.950,16.7800,3.00,169.130,27,25300.0,2019-09-08 11:07:44:845,0.031200,-0.245700,9.217800,0.003700,0.013700,9.806600,0.1375000,0.0897000,-0.0695000,-13.560,-28.440,31.810,356.200,-83.590,-159.800,1,61.546,0.78000,-0.208333,0.232739
52.40558000,-1.59622900,177.950,16.7800,3.00,169.130,27,25400.0,2019-09-08 11:07:44:945,0.304200,-0.217000,10.333600,0.018400,-0.006000,9.806600,0.1399000,0.0084000,0.0212000,-13.750,-27.940,31.310,356.020,-83.540,-159.280,1,61.690,0.07000,0.400000,0.020936
52.40558000,-1.59622900,177.950,16.7800,3.00,169.130,27,25500.0,2019-09-08 11:07:45:046,0.195200,-1.229000,10.617300,0.012300,-0.008500,9.806600,-0.1141000,0.0014000,-0.0090000,-13.370,-28.060,32.000,356.300,-83.440,-161.220,1,61.646,0.94000,-0.122222,0.280936
52.40558000,-1.59622900,177.950,16.7800,3.00,169.130,27,25600.0,2019-09-08 11:07:45:146,-0.150200,-1.412900,9.461900,0.001900,0.022100,9.806500,-0.1707000,0.0277000,-0.0559000,-13.190,-28.500,31.190,353.610,-83.600,-163.010,1,61.747,-0.10000,0.280556,-0.029936
52.40558000,-1.59622900,177.950,16.7800,3.00,169.130,27,25700.0,2019-09-08 11:07:45:245,0.195700,-0.181900,9.799300,-0.007500,0.034500,9.806500,0.2210000,-0.0058000,-0.0243000,-13.750,-28.370,31.500,352.290,-83.800,-163.370,1,61.618,-1.19000,-0.358333,-0.355492
52.40558000,-1.59622900,177.950,16.7800,3.00,169.130,27,25800.0,2019-09-08 11:07:45:345,0.023500,-1.185500,11.005200,0.014400,-0.065600,9.806400,0.2543000,-0.0495000,0.0582000,-13.310,-28.000,31.250,353.220,-83.890,-163.390,1,61.812,2.74000,0.538889,0.821104
52.40558000,-1.59622900,177.950,16.7800,3.00,169.130,26,25900.0,2019-09-08 11:07:45:447,0.285800,-2.220400,10.652700,0.020100,-0.107200,9.806000,-0.1951000,0.0301000,0.0031000,-13.750,-28.940,30.940,351.680,-83.180,-163.120,1,62.248,2.53000,1.211111,0.763521
52.40558000,-1.59622900,177.950,16.7800,3.00,169.130,26,26000.0,2019-09-08 11:07:45:546,-1.459800,-0.673800,10.049500,-0.029200,0.054500,9.806400,-0.1110000,-0.0831000,0.0594000,-13.940,-28.310,31.630,353.320,-83.110,-162.370,1,62.370,-0.89000,0.338889,-0.269117
52.40558000,-1.59622900,177.950,16.7800,3.00,169.130,26,26100.0,2019-09-08 11:07:45:646,-0.635100,-0.380400,9.900700,-0.025700,0.073000,9.806300,0.1133000,0.0561000,-0.0692000,-13.940,-28.000,31.630,354.170,-83.530,-161.640,1,62.597,1.54000,0.630556,0.467357
52.40558000,-1.59622900,177.950,16.7800,3.00,169.130,26,26200.0,2019-09-08 11:07:45:745,0.416700,-1.571300,10.029900,0.025900,-0.046700,9.806400,0.0391000,-0.0061000,-0.0058000,-14.120,-28.120,32.190,352.490,-83.330,-163.130,1,62.298,-5.51000,-0.830556,-1.664181
52.40558000,-1.59622900,177.950,16.7800,3.00,169.130,26,26300.0,2019-09-08 11:07:45:845,-0.485500,-0.267800,9.374200,0.032500,-0.047000,9.806400,-0.0727000,-0.0044000,-0.0096000,-13.500,-28.940,31.190,352.200,-83.400,-164.220,1,62.924,1.85000,1.738889,0.564369
52.40558000,-1.59622900,177.950,16.7800,3.00,169.130,26,26400.0,2019-09-08 11:07:45:945,-0.363900,0.880800,8.872100,-0.014700,0.057300,9.806400,-0.0846000,0.0027000,-0.0104000,-13.370,-28.310,31.750,353.090,-83.490,-164.120,1,63.061,1.15000,0.380556,0.351588
52.40558000,-1.59622900,177.950,16.7800,3.00,169.130,26,26500.0,2019-09-08 11:07:46:045,-0.138500,0.212500,9.881500,-0.005900,0.055700,9.806500,-0.0006000,-0.0084000,-0.0504000,-13.190,-28.560,31.440,351.460,-83.950,-164.970,1,62.784,-1.50000,-0.769444,-0.456578
52.40558000,-1.59622900,177.950,16.7800,3.00,169.130,26,26600.0,2019-09-08 11:07:46:145,-0.832700,0.263400,10.817600,0.036200,-0.027600,9.806500,-0.0011000,-0.0602000,-0.0557000,-13.250,-28.250,31.690,350.020,-83.970,-166.970,1,62.910,0.08000,0.350000,0.024400
52.40558000,-1.59622900,177.950,16.7800,3.00,169.130,26,26700.0,2019-09-08 11:07:46:245,1.326800,1.633500,10.041000,0.017300,-0.017300,9.806600,0.3186000,-0.1184000,0.0733000,-12.810,-28.440,31.500,345.630,-83.660,-170.900,1,63.378,-0.64000,1.300000,-0.196650
52.40558000,-1.59622900,177.950,16.7800,3.00,169.130,26,26800.0,2019-09-08 11:07:46:345,-0.220100,-0.388100,9.732400,0.000600,0.035000,9.806600,0.3042000,-0.0157000,0.0035000,-13.000,-28.000,31.310,344.120,-83.600,-171.580,1,63.155,1.77000,-0.619444,0.541946
52.40558000,-1.59622900,177.950,16.7800,3.00,169.130,28,26900.0,2019-09-08 11:07:46:445,-0.374000,-0.483900,8.624800,0.026600,-0.059900,9.806300,-0.2187000,0.0021000,0.0066000,-13.060,-28.310,31.440,344.110,-83.460,-171.550,1,63.212,-1.05000,0.158333,-0.321783
52.40558000,-1.59622900,177.950,16.7800,3.00,169.130,28,27000.0,2019-09-08 11:07:46:546,0.124700,1.205100,10.199400,-0.012900,0.049000,9.806400,0.2551000,-0.0071000,-0.0070000,-12.750,-28.690,31.190,343.930,-83.710,-171.730,1,62.856,0.05000,-0.988889,0.015237
52.40558000,-1.59622900,177.950,16.7800,3.00,169.130,28,27100.0,2019-09-08 11:07:46:645,1.162800,0.397100,9.805900,-0.000200,0.031600,9.806600,0.2474000,-0.0107000,-0.0264000,-12.500,-28.500,31.500,345.740,-83.960,-172.410,1,63.230,-0.89000,1.038889,-0.272827
52.40558000,-1.59622900,177.950,16.7800,3.00,169.130,28,27200.0,2019-09-08 11:07:46:745,0.111100,0.399200,9.941900,-0.005200,0.014400,9.806600,0.1058000,0.0636000,-0.0102000,-12.750,-28.750,31.310,343.560,-83.670,-172.050,1,63.281,-3.00000,0.141667,-0.920385
52.40558000,-1.59622900,177.950,16.7800,3.00,169.130,28,27300.0,2019-09-08 11:07:46:846,-0.295400,0.501500,9.830400,-0.029300,0.043600,9.806500,0.0785000,0.0173000,0.0425000,-12.620,-28.500,31.380,344.360,-83.690,-171.390,1,63.162,1.91000,-0.330556,0.584876
52.40558000,-1.59622900,177.950,16.7800,3.00,169.130,28,27400.0,2019-09-08 11:07:46:946,0.383800,-0.864900,11.404500,0.014400,-0.080700,9.806200,-0.2730000,-0.0610000,0.0894000,-12.750,-28.560,31.310,346.040,-83.340,-169.730,1,63.036,1.05000,-0.350000,0.320888
52.40558000,-1.59622900,177.950,16.7800,3.00,169.130,28,27500.0,2019-09-08 11:07:47:046,-0.389400,0.378700,9.031300,0.022900,-0.108100,9.806000,-0.2653000,-0.0144000,0.0019000,-12.810,-27.810,31.310,348.120,-83.180,-167.880,1,63.457,-5.22000,1.169444,-1.605924
52.40558000,-1.59622900,177.950,16.7800,3.00,169.130,28,27600.0,2019-09-08 11:07:47:145,0.336200,0.012100,8.972400,-0.029100,0.049100,9.806500,0.1692000,-0.0364000,0.0667000,-13.120,-27.940,31.130,348.480,-83.080,-167.530,1,63.580,1.19000,0.341667,0.366811
52.40558000,-1.59622900,177.950,16.7800,3.00,169.130,28,27700.0,2019-09-08 11:07:47:246,-0.405800,-0.568700,9.141800,-0.014600,0.049300,9.806500,0.0262000,0.0311000,-0.0327000,-13.190,-28.440,31.130,350.280,-83.520,-165.990,1,63.457,-1.34000,-0.341667,-0.412249
52.40558000,-1.59622900,177.950,16.7800,3.00,169.130,28,27800.0,2019-09-08 11:07:47:345,-0.615800,-0.411400,10.299500,0.011200,-0.022200,9.806600,-0.0637000,0.0491000,-0.0540000,-13.190,-28.500,31.000,349.980,-83.740,-166.300,1,63.216,0.64000,-0.669444,0.196147
52.40558000,-1.59622900,177.950,16.7800,3.00,169.130,28,27900.0,2019-09-08 11:07:47:445,0.079400,0.024500,9.705400,0.012300,-0.045100,9.806500,-0.0431000,0.0369000,-0.0194000,-13.500,-28.000,31.440,348.590,-83.570,-167.530,1,63.169,2.14000,-0.130556,0.655379
52.40558000,-1.59622900,177.950,16.7800,3.00,169.130,29,28000.0,2019-09-08 11:07:47:545,1.580200,1.543400,9.594500,-0.006100,0.025400,9.806500,-0.1107000,0.0941000,-0.0473000,-13.250,-28.120,31.380,348.470,-83.690,-167.660,1,63.536,-0.45000,1.019444,-0.138614
52.40558000,-1.59622900,177.950,16.7800,3.00,169.130,29,28100.0,2019-09-08 11:07:47:645,0.646600,-1.444200,9.283300,-0.028900,0.038200,9.806500,-0.0919000,-0.0061000,0.0256000,-14.120,-28.560,31.130,349.090,-83.730,-165.530,1,63.378,-0.01000,-0.438889,-0.003073
52.40558000,-1.59622900,177.950,16.7800,3.00,169.130,29,28200.0,2019-09-08 11:07:47:746,-0.387700,-0.135400,10.926600,-0.014400,-0.006000,9.806600,-0.1433000,-0.0505000,0.0175000,-13.500,-28.310,30.500,351.650,-83.770,-164.800,1,63.547,-1.33000,0.469444,-0.409752
52.40558000,-1.59622900,177.950,16.7800,3.00,169.130,29,28300.0,2019-09-08 11:07:47:846,0.271200,0.351100,10.657600,-0.012300,-0.039200,9.806500,0.1821000,0.0201000,0.0312000,-14.120,-28.560,31.440,351.930,-83.500,-162.940,1,63.479,-1.86000,-0.188889,-0.572424
52.40558000,-1.59622900,177.950,16.7800,3.00,169.130,29,28400.0,2019-09-08 11:07:47:945,0.305900,-0.889400,10.665100,0.006600,-0.016200,9.806600,0.1855000,0.0008000,0.0271000,-13.440,-28.560,31.130,353.450,-83.120,-163.080,1,63.634,0.30000,0.430556,0.092552
52.40558000,-1.59622900,177.950,16.7800,3.00,169.130,29,28500.0,2019-09-08 11:07:48:045,-0.410900,-3.489400,11.200600,-0.005200,-0.023000,9.806600,-0.6258000,0.0865000,-0.0633000,-13.620,-28.440,31.750,352.250,-82.960,-163.300,1,63.612,-0.52000,-0.061111,-0.160368
52.40558000,-1.59622900,177.950,16.7800,3.00,169.130,29,28600.0,2019-09-08 11:07:48:146,-0.287500,1.745500,8.560900,-0.025100,0.087000,9.806200,-0.5212000,0.0416000,-0.0821000,-13.810,-28.250,31.060,352.660,-83.690,-162.330,1,63.418,-1.37000,-0.538889,-0.421219
52.40558000,-1.59622900,177.950,16.7800,3.00,169.130,29,28700.0,2019-09-08 11:07:48:245,-0.951100,1.421200,9.176800,-0.038300,0.087500,9.806100,0.4114000,0.0060000,-0.0353000,-13.560,-28.310,30.810,353.190,-83.800,-161.860,1,63.313,0.65000,-0.291667,0.199518
52.40558000,-1.59622900,177.950,16.7800,3.00,169.130,29,28800.0,2019-09-08 11:07:48:345,-0.310300,-0.091500,10.546000,0.039700,-0.093200,9.806100,0.4253000,-0.0047000,0.0364000,-13.870,-28.690,31.440,351.680,-83.660,-163.190,1,63.637,-1.01000,0.900000,-0.311606
52.40558000,-1.59622900,177.950,16.7800,3.00,169.130,28,28900.0,2019-09-08 11:07:48:446,0.750100,0.193900,9.869100,0.034900,-0.072000,9.806300,-0.1920000,0.0392000,-0.0403000,-14.120,-28.120,31.500,350.040,-82.970,-165.280,1,64.015,-2.28000,1.050000,-0.707606
52.40423600,-1.59579000,177.360,17.8200,2.00,167.310,28,29000.0,2019-09-08 11:07:48:546,0.874000,0.150700,9.857500,0.013200,0.008300,9.806600,0.1423000,-0.0219000,0.0966000,-13.750,-28.060,31.380,349.170,-83.280,-165.420,1,64.145,-1.37000,0.361111,-0.426048
52.40423600,-1.59579000,177.360,17.8200,2.00,167.310,28,29100.0,2019-09-08 11:07:48:645,-0.241500,-0.020700,9.108000,-0.016900,0.037300,9.806500,0.0805000,0.0345000,0.0012000,-13.370,-27.810,31.750,350.800,-83.370,-166.170,1,64.055,1.71000,-0.250000,0.531036
52.40423600,-1.59579000,177.360,17.8200,2.00,167.310,28,29200.0,2019-09-08 11:07:48:745,0.753800,-1.748200,9.672900,-0.000800,-0.020500,9.806600,-0.0245000,-0.0238000,-0.0270000,-13.440,-28.250,30.440,348.740,-83.420,-166.660,1,64.008,-1.42000,-0.130556,-0.440654
52.40423600,-1.59579000,177.360,17.8200,2.00,167.310,28,29300.0,2019-09-08 11:07:48:846,0.208300,-0.332700,10.454200,0.008900,-0.017800,9.806600,-0.0110000,0.0059000,-0.0322000,-13.810,-28.370,31.310,348.060,-83.300,-166.420,1,64.357,-0.42000,0.969444,-0.131045
52.40423600,-1.59579000,177.360,17.8200,2.00,167.310,28,29400.0,2019-09-08 11:07:48:945,0.102700,1.107200,9.582300,-0.003200,0.016000,9.806600,0.0710000,-0.0460000,-0.0040000,-13.310,-27.690,30.880,349.420,-83.400,-166.760,1,64.447,-1.93000,0.250000,-0.603024
52.40423600,-1.59579000,177.360,17.8200,2.00,167.310,28,29500.0,2019-09-08 11:07:49:045,-0.092500,-1.057300,9.425200,0.002200,0.010300,9.806500,0.0278000,-0.0054000,0.0279000,-13.440,-28.250,31.380,348.650,-83.330,-167.430,1,64.501,-1.23000,0.150000,-0.384633
52.40423600,-1.59579000,177.360,17.8200,2.00,167.310,28,29600.0,2019-09-08 11:07:49:145,0.638900,-0.130200,10.003900,0.002000,0.012900,9.806600,0.0305000,-0.0504000,0.0333000,-13.370,-28.120,31.130,348.290,-83.340,-167.760,1,64.818,-0.89000,0.880556,-0.279679
52.40423600,-1.59579000,177.360,17.8200,2.00,167.310,28,29700.0,2019-09-08 11:07:49:245,-0.020400,-0.656100,9.460800,0.005200,0.010300,9.806600,-0.0035000,-0.0282000,0.0054000,-13.560,-28.250,31.250,345.900,-83.490,-168.410,1,64.912,1.72000,0.261111,0.541288
52.40423600,-1.59579000,177.360,17.8200,2.00,167.310,28,29800.0,2019-09-08 11:07:49:345,0.641400,-0.141000,9.350400,0.001700,0.006400,9.806600,-0.0525000,0.0535000,-0.0415000,-14.120,-29.120,31.940,346.240,-83.540,-168.780,1,65.020,1.98000,0.300000,0.624147
52.40423600,-1.59579000,177.360,17.8200,2.00,167.310,28,29900.0,2019-09-08 11:07:49:446,0.419100,-0.617400,10.169700,0.008200,-0.004500,9.806600,0.0570000,-0.0012000,0.0130000,-12.750,-28.690,31.810,346.890,-83.480,-169.680,1,65.056,-3.28000,0.100000,-1.034513
52.40423600,-1.59579000,177.360,17.8200,2.00,167.310,28,30000.0,2019-09-08 11:07:49:545,0.269600,-0.880100,10.283300,0.002600,-0.006800,9.806600,-0.0277000,-0.0030000,-0.0350000,-12.440,-27.810,31.940,347.780,-83.470,-170.460,1,65.326,1.37000,0.750000,0.433892
52.40423600,-1.59579000,177.360,17.8200,2.00,167.310,28,30100.0,2019-09-08 11:07:49:646,0.746500,0.236800,9.729000,0.010800,0.008000,9.806600,-0.0366000,-0.0100000,-0.0506000,-12.060,-28.120,31.190,346.120,-83.420,-171.300,1,65.516,-0.15000,0.527778,-0.047645
52.40423600,-1.59579000,177.360,17.8200,2.00,167.310,28,30200.0,2019-09-08 11:07:49:746,0.954400,-0.509500,9.786500,0.012100,-0.001900,9.806500,-0.0911000,-0.0538000,-0.0144000,-12.440,-28.440,31.060,345.470,-83.370,-171.880,1,65.052,-1.65000,-1.288889,-0.520379
52.40423600,-1.59579000,177.360,17.8200,2.00,167.310,28,30300.0,2019-09-08 11:07:49:846,-0.455400,0.101900,9.916400,0.006700,0.007400,9.806600,-0.0686000,0.0259000,-0.0185000,-12.750,-28.810,30.440,341.820,-83.390,-172.810,1,65.552,-1.42000,1.388889,-0.451283
52.40423600,-1.59579000,177.360,17.8200,2.00,167.310,28,30400.0,2019-09-08 11:07:49:945,1.276200,-0.275000,10.144100,0.018300,-0.023700,9.806500,0.0257000,-0.0575000,0.0459000,-12.810,-27.750,30.880,341.120,-83.300,-174.210,1,65.675,0.46000,0.341667,0.146465
52.40423600,-1.59579000,177.360,17.8200,2.00,167.310,28,30500.0,2019-09-08 11:07:50:046,0.797600,0.929700,10.435700,-0.000600,-0.015000,9.806600,0.0010000,0.0772000,-0.0804000,-13.000,-27.620,31.250,341.260,-83.360,-174.100,1,65.855,-0.81000,0.500000,-0.258612
52.40423600,-1.59579000,177.360,17.8200,2.00,167.310,28,30600.0,2019-09-08 11:07:50:145,1.457000,-0.591300,9.806600,0.013300,-0.011400,9.806600,-0.1727000,-0.0765000,0.0597000,-12.810,-28.370,30.560,340.310,-83.530,-175.010,1,65.923,-1.13000,0.188889,-0.361152
52.40423600,-1.59579000,177.360,17.8200,2.00,167.310,28,30700.0,2019-09-08 11:07:50:246,0.379800,-0.051700,9.777700,0.007100,-0.000500,9.806600,-0.1225000,-0.0143000,0.0311000,-12.750,-28.190,30.130,338.770,-83.480,-175.660,1,66.272,-1.51000,0.969444,-0.485157
52.40423600,-1.59579000,177.360,17.8200,2.00,167.310,28,30800.0,2019-09-08 11:07:50:345,0.151600,-0.168900,9.809500,-0.002700,-0.022400,9.806500,-0.0767000,0.0123000,0.0014000,-12.690,-28.690,30.310,339.160,-83.450,-175.220,1,66.388,0.04000,0.322222,0.012874
52.40423600,-1.59579000,177.360,17.8200,2.00,167.310,28,30900.0,2019-09-08 11:07:50:446,-0.132900,0.524700,10.552400,-0.012800,0.006400,9.806500,0.0339000,-0.0270000,0.0276000,-13.190,-28.560,31.060,341.440,-83.410,-173.890,1,66.287,-1.25000,-0.280556,-0.401711
52.40423600,-1.59579000,177.360,17.8200,2.00,167.310,28,31000.0,2019-09-08 11:07:50:545,0.746400,-0.942900,10.699400,0.007200,-0.036600,9.806500,0.0602000,-0.0417000,0.0585000,-12.940,-28.310,30.880,342.220,-83.460,-173.260,1,66.366,-0.42000,0.219444,-0.135136
52.40423600,-1.59579000,177.360,17.8200,2.00,167.310,28,31100.0,2019-09-08 11:07:50:646,0.271700,-0.957900,10.769800,0.020700,-0.038200,9.806500,0.0204000,0.0158000,0.0190000,-13.750,-28.370,30.810,340.730,-83.160,-172.980,1,66.596,-0.98000,0.638889,-0.316409
52.40423600,-1.59579000,177.360,17.8200,2.00,167.310,28,31200.0,2019-09-08 11:07:50:745,0.974000,-0.075700,9.565200,-0.018400,0.047000,9.806500,0.1309000,-0.0180000,-0.0559000,-13.190,-27.750,31.190,341.360,-82.980,-173.900,1,66.370,-4.30000,-0.627778,-1.383615
52.40423600,-1.59579000,177.360,17.8200,2.00,167.310,28,31300.0,2019-09-08 11:07:50:845,0.110100,0.162600,9.551900,-0.013600,0.049100,9.806500,0.1552000,-0.0114000,0.0025000,-13.500,-28.120,31.060,340.970,-83.250,-174.330,1,66.449,0.36000,0.219444,0.115975
52.40423600,-1.59579000,177.360,17.8200,2.00,167.310,28,31400.0,2019-09-08 11:07:50:945,0.905300,-0.180300,9.309300,0.003800,-0.034600,9.806500,-0.0357000,-0.0217000,0.0721000,-13.190,-28.560,31.190,341.470,-83.110,-173.770,1,66.791,0.78000,0.950000,0.252573
52.40423600,-1.59579000,177.360,17.8200,2.00,167.310,28,31500.0,2019-09-08 11:07:51:045,0.388400,-0.027400,10.677400,-0.001800,-0.026200,9.806600,-0.0023000,0.0557000,0.0163000,-13.250,-28.690,30.690,342.580,-83.120,-172.780,1,67.158,-1.36000,1.019444,-0.442804
52.40423600,-1.59579000,177.360,17.8200,2.00,167.310,28,31600.0,2019-09-08 11:07:51:145,0.165600,-1.439600,9.463700,-0.006100,-0.019100,9.806600,-0.1943000,0.0325000,0.0037000,-13.190,-28.620,30.810,343.310,-83.120,-172.120,1,67.032,3.44000,-0.350000,1.117932
52.40423600,-1.59579000,177.360,17.8200,2.00,167.310,28,31700.0,2019-09-08 11:07:51:246,-0.579900,2.061300,9.733000,-0.014800,0.009800,9.806600,-0.0451000,-0.0235000,0.0505000,-13.440,-28.310,30.750,344.790,-83.130,-170.850,1,66.978,-4.06000,-0.150000,-1.318357
52.40423600,-1.59579000,177.360,17.8200,2.00,167.310,28,31800.0,2019-09-08 11:07:51:345,-0.009400,-1.133600,10.005400,0.018700,-0.039000,9.806500,-0.0892000,-0.0119000,0.0650000,-13.440,-28.250,31.250,345.580,-83.100,-170.140,1,67.234,-3.21000,0.711111,-1.046330
52.40423600,-1.59579000,177.360,17.8200,2.00,167.310,28,31900.0,2019-09-08 11:07:51:446,0.366000,-0.289400,10.134700,-0.005100,-0.018700,9.806600,0.0607000,0.0168000,0.0161000,-13.870,-28.190,31.060,344.180,-82.920,-169.820,1,67.122,-1.73000,-0.311111,-0.562971
52.40423600,-1.59579000,177.360,17.8200,2.00,167.310,29,32000.0,2019-09-08 11:07:51:545,-0.559900,0.316400,9.827100,0.018500,-0.048400,9.806500,-0.0570000,0.0492000,0.0121000,-14.060,-28.750,31.130,344.490,-82.860,-169.470,1,67.075,2.32000,-0.130556,0.754438
52.40423600,-1.59579000,177.360,17.8200,2.00,167.310,29,32100.0,2019-09-08 11:07:51:645,0.330400,-0.354400,9.157900,-0.008200,0.008300,9.806600,0.0303000,0.0270000,-0.0122000,-14.370,-28.310,31.060,344.860,-83.030,-169.230,1,67.273,-0.72000,0.550000,-0.234827
52.40423600,-1.59579000,177.360,17.8200,2.00,167.310,29,32200.0,2019-09-08 11:07:51:746,-0.234500,1.075700,9.833100,-0.014300,-0.004600,9.806600,-0.0680000,0.0042000,0.0446000,-14.190,-28.250,31.060,346.500,-83.100,-167.780,1,67.230,1.64000,-0.119444,0.534542
52.40423600,-1.59579000,177.360,17.8200,2.00,167.310,29,32300.0,2019-09-08 11:07:51:845,0.180900,0.466800,9.165700,-0.018600,0.003100,9.806600,-0.0266000,-0.0324000,0.0498000,-14.500,-28.000,30.690,349.960,-83.200,-164.690,1,67.248,0.43000,0.050000,0.140192
52.40423600,-1.59579000,177.360,17.8200,2.00,167.310,29,32400.0,2019-09-08 11:07:51:945,-0.883300,-0.817000,10.119500,-0.038800,-0.017100,9.806500,-0.0426000,0.0176000,0.0424000,-14.690,-28.000,31.250,351.700,-83.200,-161.630,1,66.812,-2.63000,-1.211111,-0.851893
52.40423600,-1.59579000,177.360,17.8200,2.00,167.310,29,32500.0,2019-09-08 11:07:52:046,-1.565000,0.113700,9.912600,-0.022800,0.023400,9.806600,-0.1857000,-0.0924000,0.0672000,-14.620,-28.500,30.500,353.420,-83.130,-160.070,1,67.367,-4.08000,1.541667,-1.332546
52.40423600,-1.59579000,177.360,17.8200,2.00,167.310,29,32600.0,2019-09-08 11:07:52:146,-1.224500,-0.627900,10.911900,-0.015300,-0.002000,9.806600,0.0239000,0.1059000,-0.1444000,-15.120,-27.750,30.560,354.340,-83.030,-159.240,1,67.921,-3.59000,1.538889,-1.182152
52.40423600,-1.59579000,177.360,17.8200,2.00,167.310,29,32700.0,2019-09-08 11:07:52:246,-0.102000,-0.275000,11.637600,0.016800,-0.038200,9.806500,0.0396000,-0.0907000,0.0405000,-15.500,-28.620,30.880,353.010,-82.910,-160.390,1,67.288,-5.48000,-1.758333,-1.787693
52.40423600,-1.59579000,177.360,17.8200,2.00,167.310,29,32800.0,2019-09-08 11:07:52:345,0.533400,0.044600,10.349100,0.003000,-0.017400,9.806500,0.0452000,0.0078000,-0.0213000,-15.190,-28.250,31.190,351.570,-82.670,-161.670,1,68.090,0.61000,2.227778,0.201367
52.40423600,-1.59579000,177.360,17.8200,2.00,167.310,29,32900.0,2019-09-08 11:07:52:445,-1.288900,-0.138400,9.115800,-0.019300,0.006200,9.806600,-0.0017000,-0.0578000,0.0789000,-14.940,-27.870,31.560,352.760,-82.730,-161.340,1,69.858,1.15000,4.911111,0.389483
52.40423600,-1.59579000,177.360,17.8200,2.00,167.310,28,33000.0,2019-09-08 11:07:52:545,-0.422200,-0.602600,9.362600,-0.009000,0.002700,9.806600,-0.1439000,-0.0075000,0.0097000,-14.560,-27.940,31.500,354.760,-82.890,-159.570,1,69.635,7.60000,-0.619444,2.565760
52.40423600,-1.59579000,177.360,17.8200,2.00,167.310,28,33100.0,2019-09-08 11:07:52:645,-1.103700,0.585700,9.384400,-0.036800,0.043100,9.806400,-0.1308000,-0.0361000,0.0665000,-14.620,-27.940,31.380,355.250,-82.900,-158.410,1,69.865,-3.09000,0.638889,-1.046630
52.40423600,-1.59579000,177.360,17.8200,2.00,167.310,28,33200.0,2019-09-08 11:07:52:745,-0.294000,-0.909700,10.173200,-0.024600,0.026900,9.806600,-0.0088000,0.0040000,0.0259000,-14.000,-27.310,30.310,358.860,-83.120,-156.010,1,70.762,-3.65000,2.491667,-1.252183
52.40423600,-1.59579000,177.360,17.8200,2.00,167.310,28,33300.0,2019-09-08 11:07:52:845,-0.793800,-0.799600,10.296100,0.000700,-0.011400,9.806600,-0.0676000,0.0100000,0.0123000,-13.500,-27.870,30.560,1.270,-82.960,-156.120,1,70.103,9.14000,-1.830556,3.106402
52.40423600,-1.59579000,177.360,17.8200,2.00,167.310,28,33400.0,2019-09-08 11:07:52:945,-1.439200,0.641300,10.341300,-0.007600,0.002100,9.806600,0.0457000,0.0113000,0.0190000,-14.250,-27.940,30.310,359.150,-82.850,-155.730,1,69.635,2.83000,-1.300000,0.955408
52.40423600,-1.59579000,177.360,17.8200,2.00,167.310,28,33500.0,2019-09-08 11:07:53:045,0.335600,-0.615100,9.941700,0.006400,-0.006200,9.806600,0.0501000,0.0413000,-0.0318000,-14.440,-27.940,30.630,359.540,-82.810,-156.100,1,68.983,1.09000,-1.811111,0.364539
52.40423600,-1.59579000,177.360,17.8200,2.00,167.310,28,33600.0,2019-09-08 11:07:53:145,-1.629500,-0.692500,10.026500,0.009200,-0.007400,9.806600,-0.0182000,0.0553000,-0.0285000,-14.810,-28.620,30.940,357.880,-82.730,-156.050,1,68.724,-2.04000,-0.719444,-0.679694
52.40423600,-1.59579000,177.360,17.8200,2.00,167.310,28,33700.0,2019-09-08 11:07:53:245,-0.570400,-1.612400,10.042300,-0.008400,0.011900,9.806600,0.2335000,-0.0604000,0.0097000,-14.190,-28.310,30.380,358.280,-82.690,-156.510,1,68.699,-0.96000,-0.069444,-0.319740
52.40423600,-1.59579000,177.360,17.8200,2.00,167.310,28,33800.0,2019-09-08 11:07:53:346,-0.195000,-0.111900,9.516100,0.015200,-0.013200,9.806500,-0.2990000,-0.1013000,-0.0488000,-15.000,-28.440,31.000,357.270,-82.780,-156.600,1,68.656,3.19000,-0.119444,1.061803
52.40423600,-1.59579000,177.360,17.8200,2.00,167.310,28,33900.0,2019-09-08 11:07:53:446,-2.082000,0.497000,9.971300,-0.030800,0.057300,9.806400,-0.2579000,-0.0794000,-0.0606000,-14.060,-28.190,31.250,357.320,-82.750,-158.080,1,68.616,5.00000,-0.111111,1.663299
52.40423600,-1.59579000,177.360,17.8200,2.00,167.310,29,34000.0,2019-09-08 11:07:53:545,-0.281600,-0.359500,10.293600,-0.028100,0.071900,9.806300,0.2960000,-0.0514000,0.0225000,-14.310,-28.190,31.440,358.510,-83.100,-157.030,1,68.224,-1.14000,-1.088889,-0.377066
52.40423600,-1.59579000,177.360,17.8200,2.00,167.310,29,34100.0,2019-09-08 11:07:53:645,-1.072000,-0.649800,10.012200,0.023700,-0.056800,9.806400,0.1231000,-0.0334000,-0.0086000,-14.370,-27.870,30.750,356.930,-82.730,-158.420,1,68.126,2.82000,-0.272222,0.931401
52.40423600,-1.59579000,177.360,17.8200,2.00,167.310,29,34200.0,2019-09-08 11:07:53:745,-0.736700,-0.091300,10.132700,0.013200,-0.046800,9.806500,-0.0909000,-0.0835000,0.0487000,-14.310,-27.810,31.060,357.960,-82.820,-157.510,1,67.241,3.97000,-2.458333,1.294194
52.40423600,-1.59579000,177.360,17.8200,2.00,167.310,29,34300.0,2019-09-08 11:07:53:845,-1.145500,0.669700,9.189200,-0.002300,0.001400,9.806600,-0.0143000,-0.0473000,-0.0182000,-14.000,-27.620,30.690,358.750,-83.040,-156.820,1,67.756,-2.28000,1.430556,-0.748958
52.40423600,-1.59579000,177.360,17.8200,2.00,167.310,29,34400.0,2019-09-08 11:07:53:946,-1.067600,0.238400,9.370100,0.004600,-0.008600,9.806500,0.1067000,-0.0692000,0.0120000,-14.560,-28.250,31.380,357.400,-83.030,-156.500,1,67.446,1.93000,-0.861111,0.631086
52.40423600,-1.59579000,177.360,17.8200,2.00,167.310,29,34500.0,2019-09-08 11:07:54:045,-1.746000,-0.135800,9.746300,0.008500,-0.007500,9.806600,0.1052000,-0.0162000,-0.0477000,-13.560,-28.250,30.880,358.280,-83.050,-157.230,1,67.010,5.42000,-1.211111,1.760815
52.40423600,-1.59579000,177.360,17.8200,2.00,167.310,29,34600.0,2019-09-08 11:07:54:145,-0.756300,0.214300,9.342900,0.006700,-0.020700,9.806600,-0.1674000,-0.0763000,0.0126000,-13.870,-27.870,30.940,357.590,-82.910,-157.840,1,67.248,2.88000,0.661111,0.938959
52.40423600,-1.59579000,177.360,17.8200,2.00,167.310,29,34700.0,2019-09-08 11:07:54:246,-0.990100,1.521300,9.552700,-0.016100,0.053500,9.806500,-0.1595000,-0.0274000,-0.0569000,-13.310,-28.190,30.810,359.760,-83.250,-157.460,1,67.054,1.10000,-0.538889,0.357596
52.40423600,-1.59579000,177.360,17.8200,2.00,167.310,29,34800.0,2019-09-08 11:07:54:346,-1.384700,0.199400,9.360000,-0.013700,0.033200,9.806500,-0.0040000,-0.0620000,0.0041000,-13.000,-28.120,31.380,359.900,-83.280,-157.340,1,66.989,3.90000,-0.180556,1.266610
52.40423600,-1.59579000,177.360,17.8200,2.00,167.310,29,34900.0,2019-09-08 11:07:54:446,-1.028300,0.256800,9.322100,0.010400,0.001100,9.806600,-0.0289000,-0.0541000,-0.0285000,-13.440,-27.560,31.000,359.220,-83.310,-157.950,1,66.694,1.96000,-0.819444,0.633750
52.40423600,-1.59579000,177.360,17.8200,2.00,167.310,29,35000.0,2019-09-08 11:07:54:545,-1.012200,0.115800,9.730200,-0.002000,0.001900,9.806600,0.0251000,-0.0499000,-0.0017000,-13.440,-28.690,30.880,358.380,-83.310,-158.700,1,66.060,2.79000,-1.761111,0.893547
52.40423600,-1.59579000,177.360,17.8200,2.00,167.310,29,35100.0,2019-09-08 11:07:54:645,-1.216600,0.137100,8.989900,-0.002800,0.011200,9.806600,0.0505000,-0.0219000,-0.0151000,-13.120,-28.560,30.810,357.500,-83.330,-159.480,1,66.384,6.38000,0.900000,2.053331
52.40423600,-1.59579000,177.360,17.8200,2.00,167.310,29,35200.0,2019-09-08 11:07:54:746,-0.605700,1.661000,9.126000,0.002800,0.002400,9.806600,-0.0785000,-0.0699000,0.0287000,-13.500,-29.060,30.630,358.100,-83.450,-158.950,1,66.074,0.92000,-0.861111,0.294709
52.40423600,-1.59579000,177.360,17.8200,2.00,167.310,29,35300.0,2019-09-08 11:07:54:845,-1.151400,-0.268800,9.734200,-0.014400,0.005300,9.806600,0.0768000,-0.0136000,0.0016000,-13.000,-28.440,31.000,359.560,-83.570,-157.650,1,65.675,2.50000,-1.108333,0.796003
52.40423600,-1.59579000,177.360,17.8200,2.00,167.310,29,35400.0,2019-09-08 11:07:54:945,-1.146600,-0.615900,10.440200,0.006100,-0.006600,9.806600,-0.1946000,-0.0674000,-0.0400000,-13.620,-28.310,30.560,358.060,-83.580,-157.440,1,65.599,3.29000,-0.211111,1.046328
52.40423600,-1.59579000,177.360,17.8200,2.00,167.310,29,35500.0,2019-09-08 11:07:55:046,-0.418900,0.764100,9.353300,-0.001700,0.015200,9.806600,-0.1511000,-0.0110000,-0.1002000,-13.120,-28.560,30.440,358.340,-83.590,-158.060,1,65.686,1.99000,0.241667,0.633725
52.40423600,-1.59579000,177.360,17.8200,2.00,167.310,29,35600.0,2019-09-08 11:07:55:146,-1.068800,0.411900,9.743400,-0.001300,0.006400,9.806600,0.1154000,-0.0409000,0.0092000,-12.690,-28.440,31.310,358.880,-83.570,-158.260,1,65.552,3.41000,-0.372222,1.083715
52.40423600,-1.59579000,177.360,17.8200,2.00,167.310,29,35700.0,2019-09-08 11:07:55:246,-1.144900,-0.742200,8.975000,0.002000,0.005100,9.806600,0.0472000,-0.0997000,0.0244000,-13.000,-28.940,31.310,358.340,-83.570,-158.740,1,65.606,1.09000,0.150000,0.346693
52.40423600,-1.59579000,177.360,17.8200,2.00,167.310,29,35800.0,2019-09-08 11:07:55:346,-1.219000,-0.506800,9.454400,0.002100,0.007100,9.806600,-0.0374000,-0.0613000,-0.0133000,-12.810,-28.560,30.500,357.970,-83.710,-159.080,1,65.354,6.00000,-0.700000,1.901071
52.40423600,-1.59579000,177.360,17.8200,2.00,167.310,29,35900.0,2019-09-08 11:07:55:445,-0.833800,-0.679400,9.565200,-0.000900,0.010900,9.806600,-0.0034000,-0.0173000,0.0261000,-12.690,-29.750,30.000,356.830,-83.850,-159.410,1,64.274,1.47000,-3.000000,0.458065
52.40423600,-1.59579000,177.360,17.8200,2.00,167.310,29,36000.0,2019-09-08 11:07:55:546,-1.287200,-0.185700,9.683100,0.014600,-0.009800,9.806500,-0.0530000,0.0011000,-0.0304000,-12.620,-28.940,30.810,356.440,-83.960,-160.470,1,64.454,3.49000,0.500000,1.090562
52.40423600,-1.59579000,177.360,17.8200,2.00,167.310,29,36100.0,2019-09-08 11:07:55:645,-0.655800,-0.021200,8.903700,-0.003200,0.025100,9.806500,-0.0752000,-0.0769000,0.0403000,-11.870,-29.310,30.310,356.880,-83.990,-161.010,1,64.807,4.41000,0.980556,1.385592
52.40423600,-1.59579000,177.360,17.8200,2.00,167.310,29,36200.0,2019-09-08 11:07:55:746,-1.371900,0.290100,10.213800,-0.013800,0.030300,9.806600,0.0989000,-0.0413000,0.0234000,-11.810,-29.060,30.560,357.530,-84.140,-161.070,1,64.624,3.31000,-0.508333,1.037043
52.40423600,-1.59579000,177.360,17.8200,2.00,167.310,29,36300.0,2019-09-08 11:07:55:846,-1.226400,-0.590500,10.134000,0.008100,-0.030600,9.806500,0.0755000,-0.0675000,0.0473000,-11.560,-29.370,30.440,356.510,-84.000,-161.340,1,64.224,0.58000,-1.111111,0.180593
52.40423600,-1.59579000,177.360,17.8200,2.00,167.310,29,36400.0,2019-09-08 11:07:55:946,-2.075400,0.184600,9.011700,0.001900,-0.022900,9.806600,-0.1458000,-0.0471000,0.0006000,-11.500,-29.370,30.880,359.430,-84.030,-160.980,1,64.346,7.18000,0.338889,2.239860
52.40423600,-1.59579000,177.360,17.8200,2.00,167.310,29,36500.0,2019-09-08 11:07:56:045,-1.121100,0.525400,9.154900,-0.028500,0.046500,9.806400,-0.1223000,-0.0367000,0.0060000,-11.620,-29.310,30.440,359.160,-84.130,-158.960,1,64.440,2.89000,0.261111,0.902876
52.40423600,-1.59579000,177.360,17.8200,2.00,167.310,29,36600.0,2019-09-08 11:07:56:145,-1.009700,-0.526100,9.211400,-0.012200,0.044200,9.806500,-0.0596000,-0.0607000,0.0001000,-11.620,-29.190,30.000,2.050,-84.580,-156.330,1,64.318,-2.49000,-0.338889,-0.776438
52.40423600,-1.59579000,177.360,17.8200,2.00,167.310,29,36700.0,2019-09-08 11:07:56:246,-0.779300,0.699800,9.956100,0.009900,-0.005200,9.806500,-0.0625000,-0.0832000,-0.0137000,-11.620,-29.120,30.190,1.680,-84.620,-156.670,1,64.159,8.72000,-0.441667,2.712370
52.40423600,-1.59579000,177.360,17.8200,2.00,167.310,29,36800.0,2019-09-08 11:07:56:345,-0.863500,0.242500,9.443800,-0.010100,0.002900,9.806600,-0.1203000,-0.0697000,-0.0145000,-11.690,-29.500,29.630,1.920,-84.700,-156.440,1,64.156,4.77000,-0.008333,1.483647
52.40423600,-1.59579000,177.360,17.8200,2.00,167.310,29,36900.0,2019-09-08 11:07:56:446,-0.557400,0.812300,10.177400,-0.019500,0.022900,9.806500,0.0785000,-0.0347000,-0.0212000,-11.370,-29.310,29.810,4.810,-84.740,-155.470,1,64.577,1.14000,1.169444,0.356909
52.40423600,-1.59579000,177.360,17.8200,2.00,167.310,27,37000.0,2019-09-08 11:07:56:546,-1.312200,-0.776800,10.347900,0.007300,-0.044900,9.806500,-0.1138000,-0.0881000,0.0331000,-11.120,-29.870,30.060,5.170,-84.530,-155.180,1,63.940,4.72000,-1.769444,1.463152
52.40423600,-1.59579000,177.360,17.8200,2.00,167.310,27,37100.0,2019-09-08 11:07:56:646,-0.922600,-0.103300,9.077900,0.015300,-0.047800,9.806500,-0.1222000,-0.0417000,0.0268000,-11.000,-29.620,29.940,5.970,-84.500,-154.450,1,64.696,4.96000,2.100000,1.555729
52.40423600,-1.59579000,177.360,17.8200,2.00,167.310,27,37200.0,2019-09-08 11:07:56:746,-1.312000,0.700600,9.622300,-0.020900,0.039000,9.806500,0.1239000,0.0035000,0.0373000,-11.750,-29.870,30.190,4.340,-84.570,-154.260,1,63.266,-5.09000,-3.972222,-1.561216
52.40423600,-1.59579000,177.360,17.8200,2.00,167.310,27,37300.0,2019-09-08 11:07:56:845,-1.286000,0.356600,9.170900,-0.005400,0.039500,9.806500,0.1130000,-0.0821000,0.0842000,-11.870,-29.060,30.380,5.460,-84.590,-153.220,1,63.439,6.01000,0.480556,1.848441
52.40423600,-1.59579000,177.360,17.8200,2.00,167.310,27,37400.0,2019-09-08 11:07:56:945,-0.899900,-0.692000,9.366300,-0.001100,-0.014300,9.806600,-0.1101000,0.0081000,-0.0375000,-11.060,-29.440,28.750,7.630,-84.870,-152.260,1,63.716,3.76000,0.769444,1.161479
52.40423600,-1.59579000,177.360,17.8200,2.00,167.310,27,37500.0,2019-09-08 11:07:57:045,-2.039100,-0.032500,8.856000,0.008900,0.006900,9.806600,-0.0881000,-0.0643000,0.0252000,-9.750,-28.750,28.750,9.470,-84.910,-152.330,1,63.252,3.79000,-1.288889,1.162220
52.40423600,-1.59579000,177.360,17.8200,2.00,167.310,27,37600.0,2019-09-08 11:07:57:146,-1.265800,2.148600,10.142600,0.004200,-0.015000,9.806600,0.0776000,-0.0254000,-0.0267000,-10.440,-29.190,30.500,10.410,-84.930,-152.560,1,62.777,2.77000,-1.319444,0.843054
52.40423600,-1.59579000,177.360,17.8200,2.00,167.310,27,37700.0,2019-09-08 11:07:57:245,-1.181500,0.375700,10.141700,0.008900,-0.031000,9.806500,0.0538000,-0.0727000,-0.0254000,-11.310,-29.440,30.060,7.640,-84.910,-152.860,1,63.119,6.29000,0.950000,1.924800
52.40423600,-1.59579000,177.360,17.8200,2.00,167.310,27,37800.0,2019-09-08 11:07:57:345,-1.183000,1.613200,9.699600,-0.029200,0.056100,9.806400,0.1189000,-0.0660000,0.0227000,-11.120,-29.370,29.440,6.940,-84.760,-152.910,1,62.698,-2.23000,-1.169444,-0.677850
52.40423600,-1.59579000,177.360,17.8200,2.00,167.310,27,37900.0,2019-09-08 11:07:57:447,-1.017300,-0.814600,9.591700,-0.021600,0.032900,9.806500,0.1221000,-0.0108000,0.0106000,-10.870,-29.620,29.750,11.280,-84.920,-149.560,1,63.540,7.65000,2.338889,2.356587
52.40278600,-1.59534200,177.220,17.3000,3.00,179.030,27,38000.0,2019-09-08 11:07:57:545,-0.598500,1.341000,10.126100,-0.000100,0.001800,9.806600,0.0094000,-0.0258000,-0.0258000,-10.500,-29.690,30.310,12.420,-84.900,-150.230,1,62.665,-1.31000,-2.430556,-0.397989
52.40278600,-1.59534200,177.220,17.3000,3.00,179.030,27,38100.0,2019-09-08 11:07:57:645,-0.257900,0.635800,9.773100,0.014400,0.018500,9.806600,-0.0091000,0.0299000,-0.0616000,-10.310,-30.060,30.060,10.700,-85.050,-151.780,1,62.723,2.89000,0.161111,0.878819
52.40278600,-1.59534200,177.220,17.3000,3.00,179.030,27,38200.0,2019-09-08 11:07:57:746,-0.731900,0.073300,10.344700,0.019700,-0.016000,9.806600,-0.0629000,0.0481000,-0.0383000,-9.690,-30.000,29.940,6.280,-85.120,-155.810,1,62.287,3.16000,-1.211111,0.954244
52.40278600,-1.59534200,177.220,17.3000,3.00,179.030,27,38300.0,2019-09-08 11:07:57:846,-0.792500,1.746800,11.542200,0.002900,-0.054100,9.806500,-0.0614000,-0.0139000,0.0007000,-9.750,-29.560,30.380,4.720,-84.840,-157.260,1,62.190,4.38000,-0.269444,1.320595
52.40278600,-1.59534200,177.220,17.3000,3.00,179.030,27,38400.0,2019-09-08 11:07:57:945,-4.642900,0.602800,12.333000,-0.009500,-0.035200,9.806500,0.4167000,0.1140000,-0.1732000,-9.500,-29.190,30.690,5.670,-84.630,-158.640,1,62.453,1.84000,0.730556,0.557116
52.40278600,-1.59534200,177.220,17.3000,3.00,179.030,27,38500.0,2019-09-08 11:07:58:045,1.324300,-0.903700,10.130300,-0.005400,0.007500,9.806500,0.4442000,0.0556000,0.0021000,-9.750,-29.750,30.250,359.480,-84.390,-162.040,1,61.826,2.55000,-1.741667,0.764339
52.40278600,-1.59534200,177.220,17.3000,3.00,179.030,27,38600.0,2019-09-08 11:07:58:145,-1.453000,0.632800,6.537400,-0.022400,0.067300,9.806400,-0.3363000,-0.1180000,0.0391000,-8.750,-29.810,29.880,2.140,-84.260,-161.370,1,61.474,1.83000,-0.977778,0.545403
52.40278600,-1.59534200,177.220,17.3000,3.00,179.030,27,38700.0,2019-09-08 11:07:58:245,-0.982300,1.923200,8.366700,-0.017600,0.035300,9.806500,-0.3855000,-0.0372000,0.0120000,-9.370,-30.120,29.130,5.750,-84.780,-157.550,1,61.272,1.75000,-0.561111,0.519846
52.40278600,-1.59534200,177.220,17.3000,3.00,179.030,27,38800.0,2019-09-08 11:07:58:345,-1.374400,1.262800,8.180300,-0.023000,0.009300,9.806500,0.1746000,-0.0355000,0.0575000,-9.500,-29.620,29.750,10.490,-85.080,-153.710,1,60.761,4.75000,-1.419444,1.399244
52.40278600,-1.59534200,177.220,17.3000,3.00,179.030,27,38900.0,2019-09-08 11:07:58:445,0.199700,0.035200,10.572900,-0.029400,0.010600,9.806500,0.1271000,-0.0036000,0.0193000,-9.690,-30.060,29.940,11.870,-85.060,-150.710,1,60.772,2.68000,0.030556,0.789611
52.40278600,-1.59534200,177.220,17.3000,3.00,179.030,27,39000.0,2019-09-08 11:07:58:546,-1.056800,-0.915800,9.925000,-0.012300,-0.021900,9.806500,-0.0745000,-0.0570000,0.0374000,-9.440,-29.810,29.810,16.970,-84.880,-147.830,1,60.541,2.08000,-0.641667,0.610503
52.40278600,-1.59534200,177.220,17.3000,3.00,179.030,27,39100.0,2019-09-08 11:07:58:646,-1.374300,0.115100,10.568100,-0.004300,-0.032700,9.806600,-0.0685000,-0.1192000,0.0630000,-10.000,-30.000,29.560,16.300,-84.450,-146.810,1,60.120,3.31000,-1.169444,0.964766
52.40278600,-1.59534200,177.220,17.3000,3.00,179.030,27,39200.0,2019-09-08 11:07:58:745,-0.609900,0.594200,10.578700,0.000400,-0.004000,9.806600,0.0478000,-0.0303000,0.0227000,-9.690,-29.690,30.130,16.430,-84.250,-146.760,1,60.178,0.53000,0.161111,0.154628
52.40278600,-1.59534200,177.220,17.3000,3.00,179.030,27,39300.0,2019-09-08 11:07:58:846,0.919800,-0.150200,8.419600,-0.006800,-0.009300,9.806600,-0.0230000,0.0601000,-0.0524000,-9.310,-29.810,30.060,19.390,-84.200,-145.840,1,59.944,2.44000,-0.650000,0.709105
52.40278600,-1.59534200,177.220,17.3000,3.00,179.030,27,39400.0,2019-09-08 11:07:58:945,-0.668300,1.586100,8.964300,-0.033300,0.077900,9.806200,0.1732000,-0.0395000,0.0043000,-9.750,-29.870,29.750,18.230,-84.220,-145.140,1,59.908,2.41000,-0.100000,0.699966
52.40278600,-1.59534200,177.220,17.3000,3.00,179.030,27,39500.0,2019-09-08 11:07:59:045,-1.184700,1.709300,9.326900,-0.020500,0.085500,9.806200,0.2645000,-0.0748000,0.0598000,-9.750,-29.310,29.690,23.390,-84.720,-140.190,1,59.594,4.46000,-0.872222,1.288583
52.40278600,-1.59534200,177.220,17.3000,3.00,179.030,27,39600.0,2019-09-08 11:07:59:146,0.020800,-0.211500,9.786000,0.028300,-0.096200,9.806100,-0.4134000,-0.0269000,0.0038000,-9.500,-29.870,29.130,25.430,-84.740,-139.650,1,59.738,1.59000,0.400000,0.460493
52.40278600,-1.59534200,177.220,17.3000,3.00,179.030,27,39700.0,2019-09-08 11:07:59:246,0.609800,0.327800,8.970400,0.025200,-0.072800,9.806300,-0.2669000,-0.0031000,-0.0713000,-9.870,-29.620,29.690,19.510,-84.280,-143.950,1,59.864,-2.38000,0.350000,-0.690745
52.40278600,-1.59534200,177.220,17.3000,3.00,179.030,27,39800.0,2019-09-08 11:07:59:346,-0.152500,0.893200,9.592700,0.024400,-0.055400,9.806400,0.1211000,-0.0501000,-0.0157000,-9.810,-30.060,29.940,18.940,-84.310,-144.460,1,59.749,5.09000,-0.319444,1.474427
52.40278600,-1.59534200,177.220,17.3000,3.00,179.030,27,39900.0,2019-09-08 11:07:59:446,0.219100,0.105900,10.585300,0.001400,0.019500,9.806600,0.0321000,-0.0353000,0.0309000,-9.810,-29.620,29.940,20.300,-84.510,-143.150,1,59.328,1.66000,-1.169444,0.477466
52.40278600,-1.59534200,177.220,17.3000,3.00,179.030,28,40000.0,2019-09-08 11:07:59:546,-0.106700,-0.384300,10.046400,-0.005700,-0.023900,9.806600,-0.1554000,0.0318000,-0.0151000,-9.690,-29.620,29.940,21.240,-84.490,-142.310,1,59.162,0.62000,-0.461111,0.177832
52.40278600,-1.59534200,177.220,17.3000,3.00,179.030,28,40100.0,2019-09-08 11:07:59:645,-0.010800,1.043300,9.701900,-0.010100,-0.008600,9.806600,-0.0313000,-0.0348000,0.0235000,-9.620,-29.440,29.880,22.490,-84.350,-141.160,1,59.371,-0.53000,0.580556,-0.152555
52.40278600,-1.59534200,177.220,17.3000,3.00,179.030,28,40200.0,2019-09-08 11:07:59:746,0.558900,-0.907000,9.071200,0.005800,-0.005900,9.806600,-0.0006000,-0.0606000,0.0562000,-10.120,-29.750,30.250,24.300,-84.290,-139.600,1,59.195,1.44000,-0.488889,0.413259
52.40278600,-1.59534200,177.220,17.3000,3.00,179.030,28,40300.0,2019-09-08 11:07:59:846,0.205000,0.433000,9.681900,-0.007900,-0.006600,9.806600,-0.0013000,0.0374000,-0.0106000,-10.190,-29.560,29.440,23.790,-84.260,-139.560,1,59.198,-2.85000,0.008333,-0.817950
52.40278600,-1.59534200,177.220,17.3000,3.00,179.030,28,40400.0,2019-09-08 11:07:59:945,-0.371600,0.234400,9.923200,-0.011700,-0.014700,9.806600,0.0460000,0.0232000,-0.0171000,-10.500,-29.690,29.560,24.900,-84.110,-139.130,1,58.846,3.05000,-0.977778,0.870145
52.40278600,-1.59534200,177.220,17.3000,3.00,179.030,28,40500.0,2019-09-08 11:08:00:046,-0.142900,0.131500,9.941500,-0.000500,-0.004600,9.806600,0.0490000,-0.0751000,0.0691000,-9.810,-29.620,29.560,26.000,-84.120,-138.130,1,58.997,-0.91000,0.419444,-0.260283
52.40278600,-1.59534200,177.220,17.3000,3.00,179.030,28,40600.0,2019-09-08 11:08:00:145,-1.055900,1.561900,8.801700,-0.012200,0.037700,9.806500,-0.0580000,-0.0286000,0.0406000,-10.000,-29.870,29.750,27.860,-84.070,-136.460,1,58.496,2.53000,-1.391667,0.717499
52.40278600,-1.59534200,177.220,17.3000,3.00,179.030,28,40700.0,2019-09-08 11:08:00:246,-0.032300,1.297500,9.782500,-0.017100,0.016400,9.806500,-0.0486000,0.0490000,0.0157000,-9.690,-30.250,29.310,30.380,-84.200,-133.590,1,58.406,-1.56000,-0.250000,-0.441730
52.40278600,-1.59534200,177.220,17.3000,3.00,179.030,28,40800.0,2019-09-08 11:08:00:346,-1.137500,0.297300,10.246600,-0.003000,-0.037200,9.806500,0.0454000,0.0139000,0.0067000,-10.120,-29.310,29.880,31.350,-84.230,-133.100,1,58.298,0.04000,-0.300000,0.011305
52.40278600,-1.59534200,177.220,17.3000,3.00,179.030,28,40900.0,2019-09-08 11:08:00:446,0.647600,1.297600,11.109100,0.009000,-0.037300,9.806500,0.0670000,-0.0384000,0.0744000,-10.190,-29.560,29.750,30.420,-83.960,-134.190,1,58.680,2.06000,1.061111,0.586047
52.40278600,-1.59534200,177.220,17.3000,3.00,179.030,28,41000.0,2019-09-08 11:08:00:545,-1.089700,1.276500,9.826000,0.004400,-0.024600,9.806600,-0.1234000,-0.0588000,0.0002000,-10.370,-29.440,30.250,30.710,-83.810,-133.900,1,57.935,-2.77000,-2.069444,-0.778029
52.40278600,-1.59534200,177.220,17.3000,3.00,179.030,28,41100.0,2019-09-08 11:08:00:646,0.794200,0.435900,9.592900,0.011900,0.003500,9.806600,0.0065000,-0.0609000,0.0134000,-10.370,-28.940,30.440,30.400,-83.760,-134.210,1,58.086,2.56000,0.419444,0.720919
52.40278600,-1.59534200,177.220,17.3000,3.00,179.030,28,41200.0,2019-09-08 11:08:00:745,0.036200,0.736900,10.024400,0.002300,-0.003200,9.806600,-0.0319000,0.0177000,-0.0317000,-10.000,-29.620,29.630,30.160,-83.810,-134.500,1,57.733,-1.47000,-0.980556,-0.411449
52.40278600,-1.59534200,177.220,17.3000,3.00,179.030,28,41300.0,2019-09-08 11:08:00:845,-0.478800,0.497500,10.018500,-0.000600,0.010300,9.806600,-0.0279000,0.0225000,-0.0398000,-9.690,-29.190,29.560,30.930,-83.930,-133.640,1,57.532,2.39000,-0.558333,0.666626
52.40278600,-1.59534200,177.220,17.3000,3.00,179.030,28,41400.0,2019-09-08 11:08:00:946,0.090000,0.779000,9.707700,-0.002700,0.009500,9.806600,0.0115000,-0.0224000,-0.0075000,-9.940,-29.620,29.690,31.010,-84.000,-133.630,1,57.319,0.26000,-0.591667,0.072251
52.40278600,-1.59534200,177.220,17.3000,3.00,179.030,28,41500.0,2019-09-08 11:08:01:045,-0.189600,-0.197900,10.288400,0.002000,-0.014300,9.806600,-0.0072000,-0.0828000,0.0215000,-10.190,-30.310,29.500,31.160,-83.990,-133.490,1,57.247,0.34000,-0.200000,0.094364
52.40278600,-1.59534200,177.220,17.3000,3.00,179.030,28,41600.0,2019-09-08 11:08:01:145,-0.020700,1.596500,9.591100,0.006000,-0.051800,9.806400,-0.1462000,-0.0466000,0.0009000,-9.870,-29.810,29.630,30.950,-83.750,-133.820,1,57.604,-0.02000,0.991667,-0.005585
52.40278600,-1.59534200,177.220,17.3000,3.00,179.030,28,41700.0,2019-09-08 11:08:01:245,-1.596400,-0.753100,11.108100,-0.018700,-0.046100,9.806400,-0.0518000,-0.0070000,-0.1397000,-9.810,-29.370,30.000,33.750,-83.820,-131.120,1,56.718,0.97000,-2.461111,0.266727
52.40278600,-1.59534200,177.220,17.3000,3.00,179.030,28,41800.0,2019-09-08 11:08:01:346,0.117800,1.037500,8.564400,0.020900,-0.075800,9.806300,-0.0774000,-0.0263000,-0.0797000,-10.310,-29.250,29.750,33.500,-83.600,-131.480,1,56.466,-1.82000,-0.700000,-0.498234
52.40278600,-1.59534200,177.220,17.3000,3.00,179.030,28,41900.0,2019-09-08 11:08:01:446,0.631800,0.340600,7.403900,0.031700,-0.118800,9.805800,-0.0190000,-0.0205000,-0.0715000,-10.120,-29.810,29.750,32.620,-83.600,-132.390,1,56.347,-0.54000,-0.330556,-0.147516
52.40278600,-1.59534200,177.220,17.3000,3.00,179.030,27,42000.0,2019-09-08 11:08:01:546,-1.140800,2.464700,10.734200,-0.007900,0.092200,9.806100,0.5501000,0.0138000,-0.0368000,-10.000,-29.690,29.810,35.650,-84.010,-129.370,1,56.459,1.67000,0.311111,0.457114
52.40278600,-1.59534200,177.220,17.3000,3.00,179.030,27,42100.0,2019-09-08 11:08:01:645,-0.664200,-0.049400,10.006500,0.026500,-0.073500,9.806300,0.4527000,-0.1203000,0.0634000,-9.560,-29.750,30.190,34.460,-84.010,-130.470,1,55.922,-2.26000,-1.491667,-0.612726
52.40278600,-1.59534200,177.220,17.3000,3.00,179.030,27,42200.0,2019-09-08 11:08:01:746,-1.005000,-0.573400,10.800000,0.000700,-0.034600,9.806500,-0.1697000,0.0640000,-0.0500000,-9.120,-29.870,30.000,33.120,-83.820,-133.570,1,55.746,-1.82000,-0.488889,-0.491881
52.40278600,-1.59534200,177.220,17.3000,3.00,179.030,27,42300.0,2019-09-08 11:08:01:846,-0.269100,1.197800,10.391200,0.002600,0.000800,9.806600,-0.0849000,-0.0395000,0.0388000,-8.440,-29.310,29.810,34.270,-83.900,-134.160,1,55.631,5.03000,-0.319444,1.356625
52.40278600,-1.59534200,177.220,17.3000,3.00,179.030,27,42400.0,2019-09-08 11:08:01:946,0.764800,2.149300,9.545400,-0.001500,-0.003800,9.806600,0.0407000,-0.0880000,0.1021000,-8.870,-29.190,29.440,30.840,-83.900,-135.040,1,55.415,-2.61000,-0.600000,-0.701201
52.40278600,-1.59534200,177.220,17.3000,3.00,179.030,27,42500.0,2019-09-08 11:08:02:045,0.579300,1.059900,10.011900,-0.008200,0.021000,9.806500,-0.0645000,0.0651000,-0.0016000,-9.750,-29.500,29.000,30.180,-83.930,-133.820,1,54.886,0.63000,-1.469444,0.167640
52.40278600,-1.59534200,177.220,17.3000,3.00,179.030,27,42600.0,2019-09-08 11:08:02:145,-0.817900,0.683700,10.477600,0.003400,0.018800,9.806600,-0.0485000,0.0697000,-0.1005000,-9.810,-29.250,29.380,30.160,-83.880,-133.870,1,54.292,15.34000,-1.650000,4.037719
52.40278600,-1.59534200,177.220,17.3000,3.00,179.030,27,42700.0,2019-09-08 11:08:02:245,0.443700,0.598600,9.872000,0.011800,-0.010100,9.806600,0.0291000,-0.0210000,-0.0612000,-9.620,-29.120,29.310,31.200,-83.850,-132.940,1,54.256,-17.82000,-0.100000,-4.687382
52.40278600,-1.59534200,177.220,17.3000,3.00,179.030,27,42800.0,2019-09-08 11:08:02:345,0.366600,-1.230800,8.981100,0.008300,-0.043500,9.806500,0.0187000,-0.0191000,0.0020000,-10.060,-29.810,29.630,30.450,-83.790,-134.250,1,54.191,6.71000,-0.180556,1.762887
52.40278600,-1.59534200,177.220,17.3000,3.00,179.030,28,42900.0,2019-09-08 11:08:02:445,-1.550300,1.818800,9.696000,0.001000,0.039500,9.806600,-0.0827000,-0.0658000,0.0165000,-9.560,-29.440,30.310,30.320,-83.960,-134.180,1,53.651,-2.50000,-1.500000,-0.650268
52.40278600,-1.59534200,177.220,17.3000,3.00,179.030,28,43000.0,2019-09-08 11:08:02:545,0.744600,0.487500,9.368300,0.008200,0.058900,9.806400,-0.0298000,-0.0003000,-0.0065000,-9.060,-29.690,29.940,31.770,-84.460,-134.450,1,53.773,0.67000,0.338889,0.174668
52.40278600,-1.59534200,177.220,17.3000,3.00,179.030,28,43100.0,2019-09-08 11:08:02:645,-0.163400,0.373600,10.134100,0.005100,-0.032700,9.806500,-0.0912000,0.0624000,0.0061000,-8.870,-28.870,30.560,28.360,-84.350,-137.980,1,53.485,3.83000,-0.800000,0.993129
52.40278600,-1.59534200,177.220,17.3000,3.00,179.030,28,43200.0,2019-09-08 11:08:02:746,-0.421200,-0.035400,8.951600,0.023400,-0.022900,9.806500,-0.0479000,0.0116000,0.0094000,-8.810,-29.810,30.310,25.670,-84.300,-140.100,1,53.564,-3.22000,0.219444,-0.836188
52.40278600,-1.59534200,177.220,17.3000,3.00,179.030,28,43300.0,2019-09-08 11:08:02:846,0.077700,0.744200,10.222900,-0.015100,0.017700,9.806600,0.0134000,0.0436000,0.0503000,-8.500,-29.060,29.630,28.430,-84.220,-139.330,1,53.262,4.72000,-0.838889,1.218805
52.40278600,-1.59534200,177.220,17.3000,3.00,179.030,28,43400.0,2019-09-08 11:08:02:946,-0.673900,0.336000,10.118900,-0.002300,-0.007500,9.806600,-0.0514000,0.0880000,0.0329000,-8.690,-29.250,29.560,28.190,-84.170,-137.790,1,52.798,-4.01000,-1.288889,-1.026447
52.40278600,-1.59534200,177.220,17.3000,3.00,179.030,28,43500.0,2019-09-08 11:08:03:046,-0.614800,1.325700,9.972000,-0.004000,-0.000300,9.806600,-0.0546000,-0.0638000,0.0891000,-9.060,-28.440,29.630,28.570,-84.150,-137.350,1,53.086,0.22000,0.800000,0.056621
52.40278600,-1.59534200,177.220,17.3000,3.00,179.030,28,43600.0,2019-09-08 11:08:03:145,-0.462200,0.725600,9.517500,-0.008600,0.000200,9.806600,0.0660000,0.0087000,-0.0613000,-9.250,-29.560,29.750,29.610,-84.030,-136.650,1,52.697,-2.49000,-1.080556,-0.636151
52.40278600,-1.59534200,177.220,17.3000,3.00,179.030,28,43700.0,2019-09-08 11:08:03:246,1.086700,0.701600,9.987700,-0.015300,-0.011400,9.806600,0.0940000,-0.1228000,0.0299000,-9.810,-29.810,29.560,28.720,-83.910,-135.760,1,52.441,0.28000,-0.711111,0.071188
52.40278600,-1.59534200,177.220,17.3000,3.00,179.030,28,43800.0,2019-09-08 11:08:03:346,-0.180100,1.124100,10.339100,-0.026400,-0.024500,9.806500,0.1376000,-0.0160000,-0.0075000,-9.250,-29.690,29.630,32.740,-83.780,-133.940,1,52.589,-0.27000,0.411111,-0.068839
52.40278600,-1.59534200,177.220,17.3000,3.00,179.030,28,43900.0,2019-09-08 11:08:03:446,-0.238600,1.071100,9.506700,-0.009400,0.001500,9.806500,0.1186000,0.0294000,-0.0039000,-9.250,-29.870,30.000,33.470,-83.800,-133.260,1,52.546,-1.88000,-0.119444,-0.478930
52.40278600,-1.59534200,177.220,17.3000,3.00,179.030,27,44000.0,2019-09-08 11:08:03:545,1.595000,-0.187400,8.964400,-0.002400,0.024800,9.806600,-0.0646000,-0.0694000,0.0555000,-9.690,-29.810,29.310,32.200,-83.810,-132.150,1,52.394,4.94000,-0.422222,1.254826
52.40278600,-1.59534200,177.220,17.3000,3.00,179.030,27,44100.0,2019-09-08 11:08:03:646,-0.945700,0.518400,8.866800,-0.060500,0.051700,9.806300,-0.1503000,-0.0934000,0.1355000,-9.940,-29.620,29.810,33.260,-83.820,-131.680,1,52.006,-6.92000,-1.077778,-1.744755
52.40278600,-1.59534200,177.220,17.3000,3.00,179.030,27,44200.0,2019-09-08 11:08:03:746,-0.081100,-0.558200,10.179400,-0.035000,0.085300,9.806200,0.0637000,0.0923000,-0.0089000,-9.440,-29.870,29.750,43.310,-83.950,-124.130,1,52.214,-1.40000,0.577778,-0.354397
52.40278600,-1.59534200,177.220,17.3000,3.00,179.030,27,44300.0,2019-09-08 11:08:03:846,-0.894100,0.201500,10.110800,0.017700,-0.082300,9.806200,0.2427000,0.0591000,-0.0091000,-10.370,-30.000,29.250,38.480,-83.760,-126.470,1,51.707,10.45000,-1.408333,2.619633
52.40278600,-1.59534200,177.220,17.3000,3.00,179.030,27,44400.0,2019-09-08 11:08:03:946,-0.353400,1.354800,10.029600,0.033700,-0.062100,9.806300,-0.0293000,0.0229000,-0.0309000,-10.000,-29.810,29.630,36.820,-83.710,-128.490,1,51.631,-3.36000,-0.211111,-0.841056
52.40278600,-1.59534200,177.220,17.3000,3.00,179.030,27,44500.0,2019-09-08 11:08:04:045,0.716100,0.383500,10.418000,0.001600,0.010200,9.806600,0.0618000,0.0103000,-0.0336000,-9.500,-29.870,29.880,37.100,-83.610,-130.070,1,51.829,-5.40000,0.550000,-1.356880
52.40278600,-1.59534200,177.220,17.3000,3.00,179.030,27,44600.0,2019-09-08 11:08:04:146,-0.043100,-0.335800,9.693000,0.005700,0.011300,9.806600,-0.0594000,0.0287000,-0.0676000,-10.000,-30.120,30.060,34.050,-83.530,-131.120,1,51.365,7.19000,-1.288889,1.790486
52.40278600,-1.59534200,177.220,17.3000,3.00,179.030,27,44700.0,2019-09-08 11:08:04:246,0.652900,0.722800,9.462400,0.004600,0.018300,9.806600,-0.1591000,0.0484000,-0.0715000,-9.560,-30.190,30.000,34.080,-83.620,-131.040,1,51.152,3.47000,-0.591667,0.860532
52.40278600,-1.59534200,177.220,17.3000,3.00,179.030,27,44800.0,2019-09-08 11:08:04:346,0.011400,1.886700,9.465900,-0.001300,0.025900,9.806500,0.0812000,0.0678000,-0.0186000,-9.690,-29.750,29.560,35.160,-83.810,-129.950,1,52.070,-14.72000,2.550000,-3.715953
52.40278600,-1.59534200,177.220,17.3000,3.00,179.030,28,44900.0,2019-09-08 11:08:04:445,1.111200,-0.426400,9.713600,0.016300,-0.008600,9.806600,0.0585000,-0.0786000,0.0870000,-9.940,-29.560,29.380,34.320,-83.810,-130.220,1,51.120,1.95000,-2.638889,0.483282
52.40278600,-1.59534200,177.220,17.3000,3.00,179.030,28,45000.0,2019-09-08 11:08:04:546,0.465100,0.435300,9.659200,0.005700,-0.003600,9.806600,-0.0107000,0.0070000,0.0059000,-9.690,-29.560,29.880,34.760,-83.790,-130.320,1,51.048,4.46000,-0.200000,1.103795
52.40278600,-1.59534200,177.220,17.3000,3.00,179.030,28,45100.0,2019-09-08 11:08:04:645,0.268400,0.703900,9.640800,0.006800,0.012700,9.806600,0.0269000,-0.0140000,-0.0414000,-9.940,-30.060,30.060,33.950,-83.890,-131.010,1,50.861,-3.04000,-0.519444,-0.749607
52.40278600,-1.59534200,177.220,17.3000,3.00,179.030,28,45200.0,2019-09-08 11:08:04:745,-0.105800,0.532900,9.672300,0.018600,-0.005100,9.806600,-0.0621000,0.0537000,-0.1100000,-9.690,-30.000,30.250,32.620,-84.000,-132.160,1,50.681,1.56000,-0.500000,0.383305
52.40278600,-1.59534200,177.220,17.3000,3.00,179.030,28,45300.0,2019-09-08 11:08:04:845,-0.440600,0.219200,9.894800,0.024600,0.007400,9.806600,-0.0470000,-0.0785000,0.0149000,-8.870,-30.120,29.750,32.560,-84.310,-133.800,1,50.612,-4.95000,-0.191667,-1.214601
52.40278600,-1.59534200,177.220,17.3000,3.00,179.030,28,45400.0,2019-09-08 11:08:04:945,1.630800,0.729700,8.776100,-0.003800,0.022300,9.806500,-0.0835000,-0.0588000,0.0855000,-8.940,-30.000,29.310,33.120,-84.690,-132.610,1,50.227,6.06000,-1.069444,1.475655
52.40278600,-1.59534200,177.220,17.3000,3.00,179.030,28,45500.0,2019-09-08 11:08:05:045,0.058300,0.080100,9.696100,-0.014400,0.024400,9.806600,-0.0711000,0.0164000,-0.0394000,-8.870,-30.190,29.500,37.830,-84.820,-128.620,1,49.975,-0.65000,-0.700000,-0.157486
52.40278600,-1.59534200,177.220,17.3000,3.00,179.030,28,45600.0,2019-09-08 11:08:05:145,-0.207300,-0.233900,10.672500,-0.005600,-0.005800,9.806600,0.1087000,0.0519000,-0.0806000,-9.190,-29.750,29.130,38.050,-84.900,-127.930,1,50.062,2.28000,0.241667,0.553373
52.40278600,-1.59534200,177.220,17.3000,3.00,179.030,28,45700.0,2019-09-08 11:08:05:245,-0.113600,-0.112300,10.392600,0.014900,-0.003200,9.806600,0.1527000,-0.0872000,0.0837000,-9.060,-28.750,29.810,35.860,-84.850,-130.350,1,49.810,-0.37000,-0.700000,-0.089350
52.40278600,-1.59534200,177.220,17.3000,3.00,179.030,28,45800.0,2019-09-08 11:08:05:345,1.279200,0.640400,10.105500,0.003700,0.009100,9.806600,0.0375000,-0.0251000,0.0398000,-9.500,-29.370,29.130,33.260,-84.650,-132.420,1,49.630,-0.12000,-0.500000,-0.028874
52.40278600,-1.59534200,177.220,17.3000,3.00,179.030,26,45900.0,2019-09-08 11:08:05:446,-0.565800,1.311200,10.019600,0.005300,-0.007500,9.806600,-0.0349000,-0.0292000,0.0096000,-9.060,-28.440,29.810,32.720,-84.580,-133.320,1,49.547,-3.28000,-0.230556,-0.787891
52.40278600,-1.59534200,177.220,17.3000,3.00,179.030,26,46000.0,2019-09-08 11:08:05:545,0.498700,0.416300,9.964200,0.011700,0.006200,9.806600,0.1456000,-0.0084000,-0.0124000,-9.000,-28.370,30.310,31.820,-84.540,-134.170,1,48.794,-0.25000,-2.091667,-0.059140
52.40278600,-1.59534200,177.220,17.3000,3.00,179.030,26,46100.0,2019-09-08 11:08:05:646,0.314900,0.778800,9.638300,0.012200,0.004900,9.806600,0.0425000,0.0025000,0.0392000,-8.870,-27.560,29.500,29.890,-84.680,-135.890,1,49.054,1.47000,0.722222,0.349596
52.40278600,-1.59534200,177.220,17.3000,3.00,179.030,26,46200.0,2019-09-08 11:08:05:745,0.288400,0.295000,9.465300,-0.014400,0.034300,9.806500,0.0407000,0.0078000,-0.0224000,-9.120,-28.560,29.440,31.720,-84.960,-133.670,1,48.654,-4.22000,-1.111111,-0.995419
52.40278600,-1.59534200,177.220,17.3000,3.00,179.030,26,46300.0,2019-09-08 11:08:05:845,0.620700,0.770400,9.867300,-0.001200,0.026500,9.806600,0.0700000,0.0039000,-0.0472000,-9.060,-29.120,29.940,33.150,-85.140,-132.700,1,48.438,4.00000,-0.600000,0.939336
52.40278600,-1.59534200,177.220,17.3000,3.00,179.030,26,46400.0,2019-09-08 11:08:05:945,-0.004900,-0.035300,9.495200,-0.002000,0.004100,9.806600,0.0067000,0.0368000,-0.0047000,-8.870,-28.940,29.630,33.140,-85.350,-132.600,1,48.118,-0.14000,-0.888889,-0.032660
52.40278600,-1.59534200,177.220,17.3000,3.00,179.030,26,46500.0,2019-09-08 11:08:06:045,-0.283600,1.548600,10.516000,0.004200,0.002100,9.806600,0.0335000,0.0223000,-0.0341000,-8.810,-29.190,29.250,30.900,-85.240,-134.280,1,48.143,-1.74000,0.069444,-0.406123
52.40278600,-1.59534200,177.220,17.3000,3.00,179.030,26,46600.0,2019-09-08 11:08:06:145,0.441100,1.269100,10.397300,0.035500,-0.021200,9.806500,0.0018000,0.0565000,-0.0323000,-9.310,-29.060,29.190,27.240,-85.250,-137.680,1,47.452,-3.90000,-1.919444,-0.897210
52.40278600,-1.59534200,177.220,17.3000,3.00,179.030,26,46700.0,2019-09-08 11:08:06:245,1.589000,-0.280800,8.944100,0.028600,-0.003900,9.806600,-0.0608000,0.0580000,-0.0196000,-8.370,-29.190,29.630,22.370,-85.300,-144.440,1,47.340,1.58000,-0.311111,0.362627
52.40278600,-1.59534200,177.220,17.3000,3.00,179.030,26,46800.0,2019-09-08 11:08:06:346,-0.264100,2.186000,9.198000,-0.028400,0.017200,9.806600,0.1090000,0.0655000,0.0031000,-9.310,-29.000,29.880,21.850,-85.350,-143.110,1,46.692,0.67000,-1.800000,0.151667
52.40278600,-1.59534200,177.220,17.3000,3.00,179.030,27,46900.0,2019-09-08 11:08:06:445,0.166500,1.189600,8.674800,-0.009200,0.016700,9.806600,0.0042000,-0.0106000,0.1190000,-9.250,-29.440,29.190,24.270,-85.360,-140.380,1,46.483,-3.12000,-0.580556,-0.703111
52.40154600,-1.59542200,175.530,12.7300,3.00,181.570,27,47000.0,2019-09-08 11:08:06:546,-0.281300,-0.052400,9.035600,-0.076300,0.020000,9.806300,-0.2384000,0.0934000,-0.0215000,-9.310,-29.870,29.500,30.840,-85.270,-134.870,1,45.828,0.44000,-1.819444,0.097759
52.40154600,-1.59542200,175.530,12.7300,3.00,181.570,27,47100.0,2019-09-08 11:08:06:646,0.024400,2.114900,9.644100,-0.022200,0.017700,9.806500,0.1153000,0.0246000,0.0056000,-9.870,-29.120,29.440,33.580,-85.310,-129.930,1,45.558,-4.74000,-0.750000,-1.046931
52.40154600,-1.59542200,175.530,12.7300,3.00,181.570,27,47200.0,2019-09-08 11:08:06:745,0.443100,0.775500,9.559600,0.012300,-0.005400,9.806600,0.0332000,0.0420000,-0.0275000,-10.000,-29.690,29.940,33.370,-85.260,-130.760,1,44.831,-7.86000,-2.019444,-1.708346
52.40154600,-1.59542200,175.530,12.7300,3.00,181.570,27,47300.0,2019-09-08 11:08:06:845,2.503900,1.555000,9.539900,0.020900,0.026100,9.806500,0.0686000,-0.1055000,0.0941000,-10.250,-29.750,29.690,31.500,-85.330,-132.460,1,45.198,-8.13000,1.019444,-1.781495
52.40154600,-1.59542200,175.530,12.7300,3.00,181.570,27,47400.0,2019-09-08 11:08:06:946,0.059300,0.690400,9.110500,0.008200,0.043200,9.806500,-0.0371000,0.0988000,-0.0830000,-9.750,-29.190,28.690,30.060,-85.650,-133.040,1,43.974,9.54000,-3.400000,2.033851
52.40154600,-1.59542200,175.530,12.7300,3.00,181.570,27,47500.0,2019-09-08 11:08:07:045,1.022600,0.976100,9.364600,0.012900,-0.002600,9.806600,-0.1099000,0.0606000,-0.0497000,-10.370,-29.750,28.750,29.910,-85.940,-133.110,1,43.772,-2.80000,-0.561111,-0.594195
52.40154600,-1.59542200,175.530,12.7300,3.00,181.570,27,47600.0,2019-09-08 11:08:07:145,0.515900,1.454700,10.354800,0.010800,-0.002900,9.806600,-0.0871000,0.0708000,-0.0286000,-10.940,-29.690,28.560,28.110,-86.150,-132.930,1,42.811,4.60000,-2.669444,0.954746
52.40154600,-1.59542200,175.530,12.7300,3.00,181.570,27,47700.0,2019-09-08 11:08:07:246,1.532500,2.108000,9.634600,-0.007900,0.000200,9.806600,0.0404000,0.0194000,0.0109000,-10.310,-29.870,29.130,31.310,-86.260,-131.620,1,42.797,-9.94000,-0.038889,-2.062408
52.40154600,-1.59542200,175.530,12.7300,3.00,181.570,27,47800.0,2019-09-08 11:08:07:345,1.280100,2.010800,10.795900,-0.016700,-0.015200,9.806600,-0.0032000,0.0969000,-0.0116000,-10.940,-29.370,29.060,29.600,-85.960,-131.550,1,42.502,-4.97000,-0.819444,-1.024096
52.40154600,-1.59542200,175.530,12.7300,3.00,181.570,27,47900.0,2019-09-08 11:08:07:445,0.042400,0.027400,10.540300,-0.014600,-0.004100,9.806500,0.0979000,0.1015000,-0.0330000,-10.750,-28.620,29.380,29.450,-85.780,-131.780,1,42.088,-3.62000,-1.150000,-0.738655
52.40154600,-1.59542200,175.530,12.7300,3.00,181.570,27,48000.0,2019-09-08 11:08:07:546,2.022000,0.636900,10.296600,0.011400,-0.020600,9.806600,0.0531000,0.0678000,-0.0415000,-11.060,-29.250,29.690,26.100,-85.610,-135.590,1,41.368,-5.99000,-2.000000,-1.201341
52.40154600,-1.59542200,175.530,12.7300,3.00,181.570,27,48100.0,2019-09-08 11:08:07:645,2.747700,0.336400,9.599600,0.013200,0.034500,9.806500,-0.0556000,0.0231000,0.0167000,-11.370,-29.500,29.690,24.940,-85.490,-136.720,1,41.501,-10.29000,0.369444,-2.070374
52.40154600,-1.59542200,175.530,12.7300,3.00,181.570,27,48200.0,2019-09-08 11:08:07:746,2.079200,1.761400,9.812600,-0.007600,0.031300,9.806500,-0.0446000,0.2134000,-0.0886000,-11.560,-29.190,30.000,22.600,-85.840,-137.080,1,40.997,3.37000,-1.400000,0.669818
52.40154600,-1.59542200,175.530,12.7300,3.00,181.570,27,48300.0,2019-09-08 11:08:07:845,1.498200,0.640400,9.792700,0.005100,-0.015200,9.806600,0.0107000,0.1167000,-0.0363000,-11.190,-29.940,29.690,22.830,-85.960,-138.560,1,40.169,-10.97000,-2.300000,-2.136351
52.40154600,-1.59542200,175.530,12.7300,3.00,181.570,27,48400.0,2019-09-08 11:08:07:945,1.916500,0.633800,9.745800,0.007600,-0.009800,9.806600,0.0222000,0.0723000,-0.0024000,-11.370,-29.620,29.560,22.040,-85.920,-139.310,1,39.992,-3.60000,-0.491667,-0.697992
52.40154600,-1.59542200,175.530,12.7300,3.00,181.570,27,48500.0,2019-09-08 11:08:08:046,0.791500,1.301000,9.244400,-0.026200,0.018700,9.806500,-0.0665000,0.1444000,0.0204000,-12.440,-29.500,29.750,23.300,-85.930,-136.400,1,39.928,-1.65000,-0.177778,-0.319401
52.40154600,-1.59542200,175.530,12.7300,3.00,181.570,27,48600.0,2019-09-08 11:08:08:146,0.972300,1.212000,9.517000,-0.033800,0.042900,9.806400,0.0340000,0.0864000,0.0499000,-12.620,-29.370,29.190,28.780,-86.050,-128.870,1,39.330,-17.18000,-1.661111,-3.275835
52.40154600,-1.59542200,175.530,12.7300,3.00,181.570,27,48700.0,2019-09-08 11:08:08:246,1.010600,1.233800,10.359300,0.007600,-0.031200,9.806600,-0.0539000,0.0659000,0.0311000,-12.620,-28.810,29.060,31.770,-86.020,-126.060,1,38.588,-3.23000,-2.061111,-0.604268
52.40154600,-1.59542200,175.530,12.7300,3.00,181.570,27,48800.0,2019-09-08 11:08:08:346,1.184000,1.165400,9.429100,0.013300,-0.054500,9.806400,-0.1106000,0.1340000,-0.0165000,-12.690,-29.620,29.500,30.470,-85.750,-128.140,1,38.995,-12.17000,1.130556,-2.300776
52.40154600,-1.59542200,175.530,12.7300,3.00,181.570,27,48900.0,2019-09-08 11:08:08:445,-1.049900,2.157500,9.726000,-0.029300,0.052100,9.806400,0.2182000,0.2206000,-0.1166000,-13.250,-29.190,29.250,32.750,-85.840,-125.230,1,39.470,-11.84000,1.319444,-2.265655
52.40154600,-1.59542200,175.530,12.7300,3.00,181.570,28,49000.0,2019-09-08 11:08:08:545,1.111000,-0.284100,9.829400,-0.000700,0.040500,9.806500,0.1306000,0.0094000,0.0534000,-13.810,-28.940,29.310,27.840,-85.920,-128.170,1,38.376,-7.53000,-3.038889,-1.400972
52.40154600,-1.59542200,175.530,12.7300,3.00,181.570,28,49100.0,2019-09-08 11:08:08:645,0.603900,1.195000,9.767000,0.011200,0.002100,9.806600,-0.1572000,0.0410000,0.0088000,-13.440,-29.440,29.440,30.290,-85.950,-127.490,1,38.797,-6.29000,1.169444,-1.183106
52.40154600,-1.59542200,175.530,12.7300,3.00,181.570,28,49200.0,2019-09-08 11:08:08:745,1.341100,1.381900,9.007000,-0.009100,0.027100,9.806500,-0.0606000,0.1500000,-0.0531000,-13.440,-29.370,28.810,29.800,-86.060,-127.900,1,38.282,-7.54000,-1.430556,-1.399397
52.40154600,-1.59542200,175.530,12.7300,3.00,181.570,28,49300.0,2019-09-08 11:08:08:845,0.950800,1.830900,10.042100,-0.000400,-0.023300,9.806600,0.1030000,0.1606000,-0.0733000,-13.810,-29.440,29.810,30.390,-86.300,-126.290,1,38.041,6.48000,-0.669444,1.195093
52.40154600,-1.59542200,175.530,12.7300,3.00,181.570,28,49400.0,2019-09-08 11:08:08:946,0.728500,0.600100,10.969100,0.017000,-0.014200,9.806600,0.1468000,0.0594000,0.0532000,-13.810,-29.000,29.380,27.090,-86.230,-128.740,1,38.434,-14.84000,1.091667,-2.765186
52.40154600,-1.59542200,175.530,12.7300,3.00,181.570,28,49500.0,2019-09-08 11:08:09:045,1.671200,1.302100,10.009200,0.009200,-0.018500,9.806600,-0.0357000,0.0805000,0.0542000,-14.500,-29.190,29.440,25.490,-86.080,-130.310,1,37.991,-9.18000,-1.230556,-1.690823
52.40154600,-1.59542200,175.530,12.7300,3.00,181.570,28,49600.0,2019-09-08 11:08:09:146,0.706500,0.628900,9.452800,-0.015500,0.009500,9.806600,0.0506000,0.2208000,-0.0461000,-13.870,-28.750,29.750,25.470,-85.920,-131.110,1,37.825,-5.84000,-0.461111,-1.070944
52.40154600,-1.59542200,175.530,12.7300,3.00,181.570,28,49700.0,2019-09-08 11:08:09:246,-0.069900,1.256100,9.813000,0.009100,0.009900,9.806600,-0.1575000,0.1564000,-0.0920000,-14.810,-28.810,29.310,24.220,-86.010,-129.930,1,37.296,-8.21000,-1.469444,-1.484500
52.40154600,-1.59542200,175.530,12.7300,3.00,181.570,28,49800.0,2019-09-08 11:08:09:345,0.646300,5.287500,10.196800,0.014100,0.048200,9.806500,0.2283000,0.1711000,0.0010000,-14.560,-29.250,28.880,24.320,-86.370,-129.700,1,37.102,-11.32000,-0.538889,-2.036191
52.40154600,-1.59542200,175.530,12.7300,3.00,181.570,26,49900.0,2019-09-08 11:08:09:445,1.534300,1.441000,10.680900,0.026500,-0.052500,9.806400,0.2416000,0.1623000,-0.0263000,-14.620,-29.500,28.750,26.930,-86.860,-127.020,1,37.616,-1.18000,1.427778,-0.215194
52.40154600,-1.59542200,175.530,12.7300,3.00,181.570,26,50000.0,2019-09-08 11:08:09:546,-1.391800,1.680700,10.144300,0.017400,-0.043500,9.806500,0.2446000,0.2731000,-0.0753000,-14.750,-29.620,28.940,21.470,-86.580,-132.370,1,36.997,-6.81000,-1.719444,-1.221486
52.40154600,-1.59542200,175.530,12.7300,3.00,181.570,26,50100.0,2019-09-08 11:08:09:645,1.136000,-0.778900,8.166700,0.034900,-0.055800,9.806400,0.1989000,0.0375000,0.0259000,-14.940,-29.190,29.250,13.910,-86.200,-139.590,1,37.919,-7.78000,2.561111,-1.430248
52.40154600,-1.59542200,175.530,12.7300,3.00,181.570,26,50200.0,2019-09-08 11:08:09:745,4.934400,0.437300,8.641300,-0.021100,-0.014600,9.806600,-0.1071000,0.0325000,0.2281000,-15.440,-29.370,28.500,18.480,-86.330,-135.240,1,36.432,-3.61000,-4.130556,-0.637625
52.40154600,-1.59542200,175.530,12.7300,3.00,181.570,26,50300.0,2019-09-08 11:08:09:845,0.037500,-0.462900,10.714300,-0.025100,-0.015100,9.806600,-0.0156000,0.1462000,0.0323000,-15.750,-29.190,28.250,19.360,-86.440,-131.990,1,36.317,-11.48000,-0.319444,-2.021281
52.40154600,-1.59542200,175.530,12.7300,3.00,181.570,26,50400.0,2019-09-08 11:08:09:945,2.498700,2.231000,10.065000,0.002100,0.001400,9.806600,-0.0741000,0.1446000,0.0980000,-16.940,-28.750,28.000,22.460,-86.540,-127.480,1,35.676,-9.52000,-1.780556,-1.646599
52.40154600,-1.59542200,175.530,12.7300,3.00,181.570,26,50500.0,2019-09-08 11:08:10:045,5.764800,0.306000,8.242700,0.028600,-0.012900,9.806600,0.0010000,0.2579000,-0.1013000,-17.120,-29.000,27.250,22.870,-86.760,-126.110,1,35.874,-12.97000,0.550000,-2.255769
52.40154600,-1.59542200,175.530,12.7300,3.00,181.570,26,50600.0,2019-09-08 11:08:10:145,-1.229100,0.103200,9.644900,-0.013400,-0.034000,9.806500,0.2041000,0.2355000,-0.0697000,-17.440,-29.120,27.130,23.330,-86.410,-125.810,1,35.708,-11.24000,-0.461111,-1.945838
52.40154600,-1.59542200,175.530,12.7300,3.00,181.570,26,50700.0,2019-09-08 11:08:10:245,-1.241600,1.327300,11.195100,-0.002000,-0.008600,9.806600,0.0164000,-0.0109000,0.0975000,-18.060,-28.940,27.380,21.300,-86.440,-126.200,1,35.878,-1.09000,0.472222,-0.189596
52.40154600,-1.59542200,175.530,12.7300,3.00,181.570,26,50800.0,2019-09-08 11:08:10:346,3.394800,0.819900,10.129300,-0.036900,-0.003900,9.806500,-0.0035000,0.0043000,0.0677000,-18.750,-29.620,27.440,19.120,-86.430,-126.840,1,35.237,-15.49000,-1.780556,-2.646216
52.40154600,-1.59542200,175.530,12.7300,3.00,181.570,26,50900.0,2019-09-08 11:08:10:446,0.900600,6.074300,9.267600,-0.042600,0.074800,9.806300,-0.3230000,0.2549000,-0.1846000,-18.940,-28.560,26.690,14.620,-86.120,-131.130,1,34.805,-9.97000,-1.200000,-1.682332
52.40154600,-1.59542200,175.530,12.7300,3.00,181.570,27,51000.0,2019-09-08 11:08:10:546,-2.380100,1.605100,9.838600,-0.067400,0.120900,9.805700,0.2655000,0.4417000,-0.0618000,-20.500,-28.310,27.250,19.260,-86.290,-125.270,1,35.910,-12.06000,3.069444,-2.099605
52.40154600,-1.59542200,175.530,12.7300,3.00,181.570,27,51100.0,2019-09-08 11:08:10:645,0.827800,-2.373600,10.778500,0.075600,-0.070000,9.806000,0.2224000,0.1324000,0.0992000,-20.250,-28.500,27.310,16.260,-86.280,-128.110,1,35.096,-6.17000,-2.261111,-1.049827
52.40154600,-1.59542200,175.530,12.7300,3.00,181.570,27,51200.0,2019-09-08 11:08:10:745,0.284800,-1.964300,11.158000,0.029700,-0.018500,9.806600,-0.0813000,0.3402000,-0.2405000,-20.620,-28.060,27.060,7.150,-86.420,-135.360,1,34.481,-25.71000,-1.708333,-4.297905
52.40154600,-1.59542200,175.530,12.7300,3.00,181.570,27,51300.0,2019-09-08 11:08:10:846,0.179000,1.599800,9.344700,-0.020500,0.044500,9.806400,-0.0857000,0.2031000,0.0397000,-20.310,-28.500,27.000,6.470,-86.890,-137.300,1,34.776,13.33000,0.819444,2.247422
52.40154600,-1.59542200,175.530,12.7300,3.00,181.570,27,51400.0,2019-09-08 11:08:10:946,1.250400,1.778700,10.465500,0.006200,0.018800,9.806600,0.1803000,0.2626000,-0.1338000,-20.620,-27.870,25.880,357.150,-86.810,-143.790,1,34.337,-27.06000,-1.219444,-4.504691
52.40154600,-1.59542200,175.530,12.7300,3.00,181.570,27,51500.0,2019-09-08 11:08:11:045,3.478100,-2.026500,10.697000,-0.010700,-0.010500,9.806500,0.2869000,0.2911000,0.0033000,-19.750,-27.370,27.130,357.930,-86.630,-145.440,1,34.441,-3.32000,0.288889,-0.554356
52.40154600,-1.59542200,175.530,12.7300,3.00,181.570,27,51600.0,2019-09-08 11:08:11:145,1.843200,0.583400,9.823200,0.002600,0.011700,9.806600,-0.4682000,0.2332000,-0.1858000,-21.440,-28.370,26.380,354.280,-86.630,-146.500,1,33.221,-27.89000,-3.388889,-4.491962
52.40154600,-1.59542200,175.530,12.7300,3.00,181.570,27,51700.0,2019-09-08 11:08:11:246,0.241700,3.449300,11.340500,-0.022300,0.070200,9.806300,-0.1385000,0.2039000,0.1224000,-20.870,-27.810,26.310,351.570,-86.830,-149.100,1,32.882,-21.40000,-0.941667,-3.411512
52.40154600,-1.59542200,175.530,12.7300,3.00,181.570,27,51800.0,2019-09-08 11:08:11:346,1.743600,1.219700,10.830700,0.080900,-0.120400,9.805500,0.2362000,0.0865000,0.0705000,-22.120,-27.750,25.690,352.910,-86.550,-146.490,1,33.138,-1.36000,0.711111,-0.218494
52.40154600,-1.59542200,175.530,12.7300,3.00,181.570,27,51900.0,2019-09-08 11:08:11:445,0.991400,-0.862100,9.672200,0.064700,-0.060600,9.806200,-0.2307000,-0.0253000,0.1873000,-22.560,-27.500,26.250,350.320,-86.120,-147.650,1,33.397,-1.51000,0.719444,-0.244489
52.40154600,-1.59542200,175.530,12.7300,3.00,181.570,27,52000.0,2019-09-08 11:08:11:546,-1.609400,3.191600,11.827600,-0.039400,0.019200,9.806500,-0.0325000,0.1275000,0.1533000,-22.690,-27.810,25.940,351.300,-85.700,-146.660,1,32.879,-14.58000,-1.438889,-2.324080
52.40154600,-1.59542200,175.530,12.7300,3.00,181.570,27,52100.0,2019-09-08 11:08:11:645,-2.181300,1.817600,10.634200,0.028600,-0.000300,9.806600,-0.0053000,-0.0394000,0.1947000,-22.370,-27.810,25.690,353.520,-86.070,-145.860,1,32.530,-14.47000,-0.969444,-2.282062
52.40154600,-1.59542200,175.530,12.7300,3.00,181.570,27,52200.0,2019-09-08 11:08:11:746,-1.170600,0.236100,9.341800,-0.035400,0.005000,9.806500,0.1844000,0.0262000,0.2072000,-23.250,-28.440,25.630,354.550,-85.980,-143.630,1,32.180,-11.61000,-0.972222,-1.811311
52.40154600,-1.59542200,175.530,12.7300,3.00,181.570,27,52300.0,2019-09-08 11:08:11:845,-1.225700,-0.646300,10.404200,-0.019300,0.017600,9.806600,-0.1221000,0.1793000,-0.1391000,-22.940,-28.250,25.810,350.850,-85.640,-147.070,1,32.389,-8.63000,0.580556,-1.355137
52.40154600,-1.59542200,175.530,12.7300,3.00,181.570,27,52400.0,2019-09-08 11:08:11:946,-0.324000,0.346200,9.138500,-0.005900,-0.009900,9.806600,-0.2843000,0.1248000,-0.0721000,-24.620,-28.810,25.940,344.600,-85.330,-150.470,1,31.734,1.30000,-1.819444,0.200006
52.40154600,-1.59542200,175.530,12.7300,3.00,181.570,27,52500.0,2019-09-08 11:08:12:045,-2.260700,-0.317600,8.844700,-0.007800,0.013300,9.806600,-0.0400000,0.2745000,-0.1417000,-24.250,-28.000,25.500,346.780,-85.480,-149.650,1,31.302,-15.80000,-1.200000,-2.397751
52.40154600,-1.59542200,175.530,12.7300,3.00,181.570,27,52600.0,2019-09-08 11:08:12:146,0.191400,-0.351200,9.093700,-0.010100,-0.002700,9.806600,-0.0975000,0.0991000,-0.0124000,-25.000,-28.370,24.560,347.530,-85.690,-146.700,1,30.546,-12.24000,-2.100000,-1.812636
52.40154600,-1.59542200,175.530,12.7300,3.00,181.570,27,52700.0,2019-09-08 11:08:12:246,-0.844000,1.287900,9.926000,-0.000400,-0.006700,9.806600,-0.1089000,-0.0204000,0.0295000,-24.370,-27.810,24.750,350.900,-85.690,-144.690,1,30.838,1.73000,0.811111,0.258647
52.40154600,-1.59542200,175.530,12.7300,3.00,181.570,27,52800.0,2019-09-08 11:08:12:346,0.222500,-0.785200,9.409000,0.020700,0.001400,9.806500,-0.0886000,0.0789000,-0.0614000,-25.000,-28.620,25.060,347.420,-85.490,-146.730,1,30.395,-16.59000,-1.230556,-2.444688
52.40154600,-1.59542200,175.530,12.7300,3.00,181.570,27,52900.0,2019-09-08 11:08:12:445,-0.041500,1.363800,9.212000,0.016200,0.001700,9.806600,0.2565000,-0.0185000,0.0567000,-24.940,-28.250,25.060,344.440,-85.520,-149.560,1,30.172,-10.19000,-0.619444,-1.490573
52.40154600,-1.59542200,175.530,12.7300,3.00,181.570,27,53000.0,2019-09-08 11:08:12:546,3.139700,0.555300,10.414900,0.041300,-0.006200,9.806500,0.4457000,0.2014000,-0.1169000,-24.750,-27.810,25.250,342.960,-85.580,-150.970,1,29.567,4.77000,-1.680556,0.683755
52.40154600,-1.59542200,175.530,12.7300,3.00,181.570,27,53100.0,2019-09-08 11:08:12:645,-1.816400,-2.840700,11.630800,0.054700,-0.035800,9.806300,-0.4983000,0.1278000,-0.1512000,-25.000,-28.440,25.000,338.920,-85.500,-154.740,1,29.272,-4.33000,-0.819444,-0.614490
52.40154600,-1.59542200,175.530,12.7300,3.00,181.570,27,53200.0,2019-09-08 11:08:12:745,0.417200,2.349200,9.930400,0.000000,0.040600,9.806600,-0.2212000,0.0976000,-0.0852000,-24.810,-28.440,25.250,336.240,-85.780,-157.350,1,29.146,0.93000,-0.350000,0.131413
52.40154600,-1.59542200,175.530,12.7300,3.00,181.570,27,53300.0,2019-09-08 11:08:12:846,-0.707400,4.072900,9.025700,-0.014800,-0.013100,9.806600,0.3988000,0.1379000,-0.1394000,-25.190,-28.690,24.380,336.360,-85.900,-156.040,1,28.760,-3.35000,-1.072222,-0.467099
52.40154600,-1.59542200,175.530,12.7300,3.00,181.570,27,53400.0,2019-09-08 11:08:12:946,-1.102500,-0.478900,10.133300,-0.006200,-0.010100,9.806600,0.4356000,-0.1552000,0.0797000,-24.370,-28.000,25.560,338.490,-85.990,-157.590,1,28.433,-8.07000,-0.908333,-1.112426
52.40154600,-1.59542200,175.530,12.7300,3.00,181.570,27,53500.0,2019-09-08 11:08:13:046,-0.216400,0.162700,9.774700,-0.003200,0.032000,9.806600,-0.2614000,-0.0845000,-0.0997000,-25.000,-28.250,25.130,333.240,-86.080,-160.310,1,27.961,4.69000,-1.311111,0.635771
52.40154600,-1.59542200,175.530,12.7300,3.00,181.570,27,53600.0,2019-09-08 11:08:13:145,-0.379000,-0.729000,8.972500,0.021500,-0.041900,9.806400,-0.0283000,-0.0150000,-0.0066000,-24.440,-28.690,25.810,331.030,-86.060,-164.640,1,27.428,-12.39000,-1.480556,-1.647556
52.40154600,-1.59542200,175.530,12.7300,3.00,181.570,27,53700.0,2019-09-08 11:08:13:246,-0.825500,0.867200,9.007800,0.029500,-0.035600,9.806500,0.0319000,0.0538000,0.0374000,-24.440,-27.940,25.500,329.290,-85.710,-166.190,1,27.324,-2.21000,-0.288889,-0.292760
52.40154600,-1.59542200,175.530,12.7300,3.00,181.570,27,53800.0,2019-09-08 11:08:13:346,-0.095500,-0.007400,9.808700,-0.003600,0.006000,9.806600,0.0261000,0.0683000,-0.0074000,-24.310,-28.250,25.690,330.130,-85.680,-165.390,1,26.636,4.78000,-1.911111,0.617265
52.40154600,-1.59542200,175.530,12.7300,3.00,181.570,27,53900.0,2019-09-08 11:08:13:446,-0.237500,0.504900,10.480900,0.005000,-0.003900,9.806600,-0.0385000,-0.0338000,0.0241000,-24.060,-27.810,25.190,328.680,-85.650,-165.590,1,26.381,1.00000,-0.708333,0.127899
52.40154600,-1.59542200,175.530,12.7300,3.00,181.570,28,54000.0,2019-09-08 11:08:13:545,-0.493900,-0.098900,9.620600,-0.005800,0.009300,9.806600,-0.0783000,0.0186000,-0.0417000,-24.310,-27.620,25.310,328.310,-85.570,-165.900,1,26.359,-14.12000,-0.061111,-1.804424
52.40154600,-1.59542200,175.530,12.7300,3.00,181.570,28,54100.0,2019-09-08 11:08:13:645,-0.225200,0.309400,9.489600,0.002700,0.011800,9.806600,0.1355000,0.0319000,-0.0279000,-24.190,-27.940,25.690,327.720,-85.440,-167.560,1,26.240,6.98000,-0.330556,0.887961
52.40154600,-1.59542200,175.530,12.7300,3.00,181.570,28,54200.0,2019-09-08 11:08:13:746,0.386400,-0.375500,9.759400,0.019300,-0.017200,9.806600,0.0982000,0.0360000,0.0178000,-23.500,-28.370,25.130,326.750,-85.280,-168.420,1,26.158,-11.33000,-0.227778,-1.436843
52.40154600,-1.59542200,175.530,12.7300,3.00,181.570,28,54300.0,2019-09-08 11:08:13:846,0.574800,-0.105300,10.086800,0.008900,-0.017400,9.806600,-0.0161000,-0.0261000,0.0375000,-24.060,-27.310,25.190,325.760,-85.060,-168.140,1,26.291,4.54000,0.369444,0.578679
52.40154600,-1.59542200,175.530,12.7300,3.00,181.570,28,54400.0,2019-09-08 11:08:13:945,-0.334200,-0.452900,10.222200,-0.007900,0.003300,9.806600,-0.0275000,0.0335000,-0.0042000,-24.310,-27.440,25.250,325.400,-85.030,-168.470,1,25.664,-9.96000,-1.741667,-1.239249
52.40154600,-1.59542200,175.530,12.7300,3.00,181.570,28,54500.0,2019-09-08 11:08:14:045,0.046300,-0.155500,9.871200,0.002400,0.010800,9.806600,0.0473000,0.0397000,-0.0352000,-24.620,-27.560,24.810,323.290,-85.010,-169.240,1,26.050,4.76000,1.072222,0.601159
52.40154600,-1.59542200,175.530,12.7300,3.00,181.570,28,54600.0,2019-09-08 11:08:14:145,0.606100,-0.759000,9.610600,0.014700,-0.004400,9.806600,0.0479000,0.0268000,-0.0148000,-24.370,-27.620,25.310,322.850,-85.040,-170.790,1,26.212,-3.32000,0.450000,-0.421903
52.40154600,-1.59542200,175.530,12.7300,3.00,181.570,28,54700.0,2019-09-08 11:08:14:246,0.351400,0.144600,10.180200,0.011700,0.007200,9.806600,0.0095000,0.0607000,-0.0452000,-24.120,-26.940,24.500,320.400,-85.010,-173.180,1,26.060,-2.11000,-0.422222,-0.266583
52.40154600,-1.59542200,175.530,12.7300,3.00,181.570,28,54800.0,2019-09-08 11:08:14:346,0.119200,0.058400,10.572100,0.022500,0.007100,9.806600,0.0492000,0.0505000,-0.0350000,-24.810,-27.250,24.880,317.160,-84.980,-175.120,1,26.104,0.47000,0.122222,0.059481
52.40154600,-1.59542200,175.530,12.7300,3.00,181.570,28,54900.0,2019-09-08 11:08:14:445,1.706800,1.057500,8.987700,0.013500,0.011700,9.806600,0.0371000,0.0964000,-0.0156000,-24.750,-27.120,24.810,312.940,-84.810,-179.040,1,25.945,-0.92000,-0.441667,-0.115722
52.40154600,-1.59542200,175.530,12.7300,3.00,181.570,28,55000.0,2019-09-08 11:08:14:546,1.146100,0.450300,9.464100,0.004300,-0.002000,9.806600,-0.0414000,0.1652000,-0.0310000,-25.060,-27.190,24.880,311.750,-84.520,-179.990,1,26.104,-5.14000,0.441667,-0.650497
52.40154600,-1.59542200,175.530,12.7300,3.00,181.570,28,55100.0,2019-09-08 11:08:14:645,0.559000,0.613300,10.182100,-0.002700,0.009000,9.806600,0.0776000,0.0848000,-0.0470000,-25.250,-26.560,24.880,311.040,-84.510,179.330,1,25.974,-0.26000,-0.361111,-0.032741
52.40154600,-1.59542200,175.530,12.7300,3.00,181.570,28,55200.0,2019-09-08 11:08:14:745,-0.291200,0.299400,10.350100,0.032100,-0.011600,9.806600,0.1143000,0.0573000,-0.0338000,-24.190,-27.250,24.310,308.210,-84.620,176.700,1,25.891,-7.33000,-0.230556,-0.920084
52.40154600,-1.59542200,175.530,12.7300,3.00,181.570,28,55300.0,2019-09-08 11:08:14:846,0.869400,1.493400,9.894000,0.037000,-0.013200,9.806500,-0.0784000,0.1354000,-0.0425000,-25.190,-27.560,24.000,303.060,-84.490,173.090,1,25.963,-15.51000,0.200000,-1.952277
52.40154600,-1.59542200,175.530,12.7300,3.00,181.570,28,55400.0,2019-09-08 11:08:14:946,0.334200,1.371800,9.695300,-0.015500,0.012600,9.806600,-0.0643000,0.1579000,-0.0030000,-25.000,-27.870,23.810,301.850,-84.490,171.930,1,26.338,6.51000,1.041667,0.831263
52.40154600,-1.59542200,175.530,12.7300,3.00,181.570,28,55500.0,2019-09-08 11:08:15:045,-0.055100,1.095400,9.773100,-0.014300,0.005400,9.806600,0.1110000,0.1639000,0.0010000,-25.500,-27.620,24.060,302.450,-84.480,172.520,1,26.161,-13.21000,-0.491667,-1.675452
52.40154600,-1.59542200,175.530,12.7300,3.00,181.570,28,55600.0,2019-09-08 11:08:15:145,0.498800,0.233100,10.074300,0.028100,-0.001400,9.806600,0.0930000,0.1704000,-0.0357000,-25.060,-27.690,23.500,300.280,-84.200,170.630,1,26.233,-1.17000,0.200000,-0.148802
52.40154600,-1.59542200,175.530,12.7300,3.00,181.570,28,55700.0,2019-09-08 11:08:15:245,0.703500,-0.063000,9.894800,0.016100,0.000200,9.806600,-0.0103000,0.2572000,-0.1082000,-24.750,-27.310,22.310,295.930,-84.110,169.010,1,25.942,-22.51000,-0.808333,-2.831091
52.40154600,-1.59542200,175.530,12.7300,3.00,181.570,28,55800.0,2019-09-08 11:08:15:346,1.423000,1.055700,9.843900,0.004800,0.001900,9.806600,-0.0075000,0.2292000,-0.0141000,-25.190,-28.060,22.690,295.360,-84.080,167.290,1,25.870,-15.73000,-0.200000,-1.972877
52.40154600,-1.59542200,175.530,12.7300,3.00,181.570,28,55900.0,2019-09-08 11:08:15:445,1.342000,2.061700,9.669900,0.013800,-0.001500,9.806600,-0.0212000,0.2193000,0.0405000,-25.000,-27.500,21.880,293.940,-83.990,167.180,1,25.920,0.52000,0.138889,0.065345
52.40090600,-1.59492300,172.890,7.4700,4.00,119.600,28,56000.0,2019-09-08 11:08:15:546,0.022200,-0.177800,10.097900,-0.007100,-0.008900,9.806600,0.1481000,0.2330000,-0.0717000,-25.870,-27.120,21.750,292.730,-83.920,167.070,1,26.053,-17.89000,0.369444,-2.259659
52.40090600,-1.59492300,172.890,7.4700,4.00,119.600,28,56100.0,2019-09-08 11:08:15:646,1.668100,0.226800,10.093100,0.013000,0.002000,9.806600,0.1473000,0.2668000,-0.0946000,-26.190,-28.060,21.690,291.970,-83.660,166.710,1,26.086,-13.74000,0.091667,-1.737677
52.40090600,-1.59492300,172.890,7.4700,4.00,119.600,28,56200.0,2019-09-08 11:08:15:746,1.587800,0.012500,10.160900,0.017400,-0.016900,9.806600,-0.0267000,0.2392000,0.0289000,-25.500,-27.370,21.250,290.680,-83.280,166.010,1,25.808,-18.53000,-0.772222,-2.318487
52.40090600,-1.59492300,172.890,7.4700,4.00,119.600,28,56300.0,2019-09-08 11:08:15:845,1.268500,-0.069100,10.189700,-0.002100,-0.003800,9.806600,0.1033000,0.2255000,-0.0058000,-25.690,-27.690,21.440,289.830,-83.250,166.380,1,26.082,-6.14000,0.761111,-0.776398
52.40090600,-1.59492300,172.890,7.4700,4.00,119.600,28,56400.0,2019-09-08 11:08:15:946,1.674400,-0.114100,10.454100,0.023200,-0.019900,9.806500,-0.1027000,0.2438000,-0.0316000,-25.250,-27.810,21.060,290.500,-83.220,166.080,1,26.233,-19.08000,0.419444,-2.426617
52.40090600,-1.59492300,172.890,7.4700,4.00,119.600,28,56500.0,2019-09-08 11:08:16:046,0.830800,1.250200,9.956700,0.019900,0.001300,9.806600,-0.0403000,0.2108000,-0.0420000,-25.810,-27.120,21.250,289.450,-83.090,165.950,1,26.197,-7.71000,-0.100000,-0.979221
52.40090600,-1.59492300,172.890,7.4700,4.00,119.600,28,56600.0,2019-09-08 11:08:16:145,1.412500,0.288500,9.852900,0.007900,0.005200,9.806600,0.0835000,0.2674000,-0.0232000,-25.120,-27.940,20.380,288.020,-82.910,165.420,1,26.410,-24.76000,0.591667,-3.170253
52.40090600,-1.59492300,172.890,7.4700,4.00,119.600,28,56700.0,2019-09-08 11:08:16:245,1.462300,0.072800,10.023000,0.013500,-0.008700,9.806600,0.0564000,0.1885000,0.0517000,-25.440,-27.440,20.630,289.360,-82.680,165.230,1,26.597,-14.21000,0.519444,-1.832321
52.40090600,-1.59492300,172.890,7.4700,4.00,119.600,28,56800.0,2019-09-08 11:08:16:346,0.026600,0.827000,10.158900,-0.009900,0.007700,9.806600,0.1168000,0.2555000,-0.0514000,-24.810,-27.750,20.310,288.540,-82.470,166.320,1,26.921,-6.57000,0.900000,-0.857495
52.40090600,-1.59492300,172.890,7.4700,4.00,119.600,28,56900.0,2019-09-08 11:08:16:445,0.585900,0.305900,10.026400,-0.008500,0.011100,9.806600,0.1261000,0.1764000,0.0078000,-23.810,-27.440,19.810,289.690,-82.300,166.360,1,27.310,-4.60000,1.080556,-0.609052
52.40090600,-1.59492300,172.890,7.4700,4.00,119.600,27,57000.0,2019-09-08 11:08:16:545,0.599600,0.672400,9.980100,0.011000,-0.014400,9.806600,-0.0902000,0.2229000,-0.0199000,-23.120,-27.120,19.250,289.930,-82.180,167.250,1,27.677,-18.85000,1.019444,-2.529328
52.40090600,-1.59492300,172.890,7.4700,4.00,119.600,27,57100.0,2019-09-08 11:08:16:646,0.240700,0.855900,10.119000,-0.009200,-0.002200,9.806600,0.0213000,0.2452000,0.0252000,-22.560,-28.250,17.500,288.760,-82.100,168.110,1,27.544,-11.02000,-0.369444,-1.471579
52.40090600,-1.59492300,172.890,7.4700,4.00,119.600,27,57200.0,2019-09-08 11:08:16:746,0.654200,0.167100,9.762100,0.006900,-0.013400,9.806500,-0.0412000,0.2385000,-0.0286000,-23.690,-27.870,15.560,285.620,-82.030,169.600,1,27.767,-6.28000,0.619444,-0.845402
52.40090600,-1.59492300,172.890,7.4700,4.00,119.600,27,57300.0,2019-09-08 11:08:16:846,2.135600,1.424100,9.482600,-0.001200,0.009400,9.806600,0.0323000,0.2667000,-0.0336000,-24.120,-28.120,14.250,281.690,-82.050,169.460,1,28.267,-12.88000,1.388889,-1.765105
52.40090600,-1.59492300,172.890,7.4700,4.00,119.600,27,57400.0,2019-09-08 11:08:16:945,1.797800,0.325400,10.941700,0.037600,-0.012600,9.806500,-0.2557000,0.2690000,-0.1223000,-25.250,-28.250,14.190,280.980,-82.030,169.560,1,28.224,-9.21000,-0.119444,-1.260239
52.40090600,-1.59492300,172.890,7.4700,4.00,119.600,27,57500.0,2019-09-08 11:08:17:045,1.736700,1.309200,10.138500,0.069600,-0.021000,9.806400,-0.2808000,0.1110000,0.0117000,-26.500,-28.500,13.310,278.220,-81.610,169.820,1,28.976,-28.36000,2.088889,-3.984002
52.40090600,-1.59492300,172.890,7.4700,4.00,119.600,27,57600.0,2019-09-08 11:08:17:146,0.471800,1.402300,10.222000,-0.027400,0.012700,9.806500,0.2568000,0.2547000,-0.0692000,-27.310,-28.620,13.690,279.620,-81.500,170.390,1,29.077,-16.68000,0.280556,-2.351367
52.40090600,-1.59492300,172.890,7.4700,4.00,119.600,27,57700.0,2019-09-08 11:08:17:246,3.102100,0.400600,10.656600,-0.001200,-0.005900,9.806600,0.2491000,0.2146000,-0.1289000,-27.370,-27.560,14.130,280.090,-81.450,170.620,1,28.984,-20.02000,-0.258333,-2.813178
52.40090600,-1.59492300,172.890,7.4700,4.00,119.600,27,57800.0,2019-09-08 11:08:17:346,1.209400,1.332700,10.781500,0.020200,-0.007300,9.806500,-0.2495000,0.0989000,0.0268000,-28.000,-28.560,13.810,279.400,-81.440,170.840,1,28.980,46.61000,-0.011111,6.548659
52.40090600,-1.59492300,172.890,7.4700,4.00,119.600,28,57900.0,2019-09-08 11:08:17:445,-0.141000,0.763200,9.614400,0.009800,-0.014400,9.806600,-0.1432000,0.1755000,-0.0052000,-27.500,-28.370,13.190,279.150,-81.430,171.530,1,29.329,-28.50000,0.969444,-4.052444
52.40090600,-1.59492300,172.890,7.4700,4.00,119.600,28,58000.0,2019-09-08 11:08:17:546,0.758400,0.104700,9.587000,-0.002200,-0.014800,9.806600,0.0557000,0.1477000,0.0457000,-27.940,-28.750,13.560,280.870,-81.440,172.290,1,29.185,-16.63000,-0.400000,-2.353026
52.40090600,-1.59492300,172.890,7.4700,4.00,119.600,28,58100.0,2019-09-08 11:08:17:645,1.113000,0.129400,9.820800,-0.001000,-0.006100,9.806600,0.0042000,0.0945000,0.0656000,-28.310,-28.870,13.440,280.400,-81.420,173.620,1,29.801,-24.55000,1.711111,-3.546967
52.40090600,-1.59492300,172.890,7.4700,4.00,119.600,28,58200.0,2019-09-08 11:08:17:745,0.022200,-0.881400,9.705900,-0.018600,-0.002700,9.806600,0.0449000,0.1112000,0.0056000,-28.190,-28.560,12.940,281.560,-81.440,174.740,1,29.534,-15.87000,-0.741667,-2.272344
52.40090600,-1.59492300,172.890,7.4700,4.00,119.600,28,58300.0,2019-09-08 11:08:17:845,0.930000,0.213300,9.933700,-0.006700,-0.022700,9.806600,0.0125000,0.1327000,0.0174000,-28.940,-28.250,12.440,280.940,-81.570,176.030,1,30.107,-27.54000,1.591667,-4.019817
52.40090600,-1.59492300,172.890,7.4700,4.00,119.600,28,58400.0,2019-09-08 11:08:17:945,-0.468600,-0.659000,10.137000,-0.004200,-0.023800,9.806600,-0.0280000,0.0926000,-0.0064000,-28.440,-28.620,12.130,283.720,-81.590,178.510,1,30.589,-18.58000,1.338889,-2.755408
52.40090600,-1.59492300,172.890,7.4700,4.00,119.600,28,58500.0,2019-09-08 11:08:18:045,-0.629400,-0.362400,9.856200,0.000500,-0.012900,9.806600,-0.0327000,0.0436000,-0.0012000,-29.310,-28.440,12.250,284.550,-81.590,179.550,1,30.607,12.00000,0.050000,1.780643
52.40090600,-1.59492300,172.890,7.4700,4.00,119.600,28,58600.0,2019-09-08 11:08:18:145,0.284800,0.147300,9.789200,0.025500,-0.007600,9.806500,-0.0911000,0.0496000,0.0090000,-29.120,-28.620,12.130,284.730,-81.610,179.960,1,30.517,-10.11000,-0.250000,-1.495780
52.40090600,-1.59492300,172.890,7.4700,4.00,119.600,28,58700.0,2019-09-08 11:08:18:245,0.251800,-0.899200,10.432000,0.039500,-0.026100,9.806500,-0.1337000,0.0434000,0.0013000,-29.000,-28.250,12.060,285.880,-81.360,-178.940,1,30.661,-15.78000,0.400000,-2.345677
52.40090600,-1.59492300,172.890,7.4700,4.00,119.600,28,58800.0,2019-09-08 11:08:18:345,-0.586600,-0.427800,10.278300,-0.012300,0.005500,9.806600,0.1524000,0.0529000,0.0089000,-29.000,-28.310,13.000,287.900,-81.330,-178.710,1,30.233,10.64000,-1.188889,1.559544
52.40090600,-1.59492300,172.890,7.4700,4.00,119.600,28,58900.0,2019-09-08 11:08:18:445,0.260200,-0.298200,9.867400,0.003700,0.005600,9.806600,0.1132000,0.0404000,0.0331000,-29.310,-28.440,11.810,285.560,-81.270,-179.160,1,30.823,-3.47000,1.638889,-0.518536
52.40090600,-1.59492300,172.890,7.4700,4.00,119.600,27,59000.0,2019-09-08 11:08:18:545,-0.258300,-0.436600,9.586600,-0.005100,-0.003600,9.806600,-0.0458000,0.0262000,-0.0288000,-29.000,-28.500,12.000,286.380,-81.140,-178.250,1,30.233,0.31000,-1.638889,0.045438
52.40090600,-1.59492300,172.890,7.4700,4.00,119.600,27,59100.0,2019-09-08 11:08:18:645,-1.124000,-0.412900,10.195700,-0.004800,-0.009800,9.806600,-0.0347000,0.0632000,-0.0675000,-29.310,-28.500,11.440,285.230,-81.120,-177.550,1,30.168,-8.52000,-0.180556,-1.246123
52.40090600,-1.59492300,172.890,7.4700,4.00,119.600,27,59200.0,2019-09-08 11:08:18:746,-0.298200,0.038100,9.624900,-0.006900,0.005400,9.806600,-0.0448000,0.0734000,-0.0317000,-29.190,-28.250,11.810,287.030,-81.220,-177.700,1,31.039,1.34000,2.419444,0.201645
52.40090600,-1.59492300,172.890,7.4700,4.00,119.600,27,59300.0,2019-09-08 11:08:18:846,-1.456900,0.337300,10.693100,-0.003000,-0.004800,9.806600,0.0158000,0.0295000,0.1064000,-29.690,-28.250,11.440,285.180,-81.430,-177.480,1,30.031,-2.26000,-2.800000,-0.329043
52.40090600,-1.59492300,172.890,7.4700,4.00,119.600,27,59400.0,2019-09-08 11:08:18:946,-0.628000,0.954800,9.812300,-0.002900,0.002600,9.806600,0.0857000,0.0713000,-0.0156000,-29.560,-28.560,11.750,288.100,-81.350,-176.050,1,31.338,1.33000,3.630556,0.202068
52.40090600,-1.59492300,172.890,7.4700,4.00,119.600,27,59500.0,2019-09-08 11:08:19:046,0.079200,-0.559200,11.208700,0.051300,-0.037700,9.806400,-0.0378000,0.1297000,-0.2252000,-30.060,-29.250,12.060,288.760,-80.870,-174.980,1,30.776,-15.38000,-1.561111,-2.294792
52.40090600,-1.59492300,172.890,7.4700,4.00,119.600,27,59600.0,2019-09-08 11:08:19:145,-1.896100,-0.407500,8.831100,0.055500,0.003000,9.806500,0.1144000,0.0413000,-0.0762000,-29.190,-28.000,12.500,286.000,-80.310,-179.620,1,30.859,2.24000,0.230556,0.335123
52.40090600,-1.59492300,172.890,7.4700,4.00,119.600,27,59700.0,2019-09-08 11:08:19:246,-1.227600,-0.059800,8.429500,-0.027200,0.027700,9.806600,0.1139000,-0.0521000,-0.0124000,-29.440,-29.500,12.190,282.720,-80.360,179.210,1,30.424,-3.84000,-1.208333,-0.566399
52.40090600,-1.59492300,172.890,7.4700,4.00,119.600,27,59800.0,2019-09-08 11:08:19:345,0.276100,-2.682700,9.962600,-0.053300,0.012700,9.806400,-0.2784000,-0.0773000,-0.1683000,-29.310,-29.000,11.940,283.370,-80.300,179.910,1,30.229,0.24000,-0.541667,0.035173
52.40090600,-1.59492300,172.890,7.4700,4.00,119.600,27,59900.0,2019-09-08 11:08:19:447,-0.159800,-0.407600,9.094500,-0.041600,0.021200,9.806400,-0.1503000,0.0184000,-0.1031000,-29.060,-29.250,11.060,281.210,-81.180,178.750,1,29.916,-1.40000,-0.869444,-0.203052
52.40090600,-1.59492300,172.890,7.4700,4.00,119.600,24,60000.0,2019-09-08 11:08:19:546,-1.234600,0.264100,10.287300,0.003700,0.005500,9.806600,0.0419000,0.0343000,-0.0251000,-28.870,-28.560,11.630,282.140,-81.420,177.630,1,30.492,-1.19000,1.600000,-0.175917
52.40090600,-1.59492300,172.890,7.4700,4.00,119.600,24,60100.0,2019-09-08 11:08:19:645,-0.271300,-0.077600,9.933500,0.007500,-0.002400,9.806600,0.1272000,0.0064000,0.0731000,-28.440,-29.370,11.130,280.090,-81.310,177.100,1,30.686,-3.16000,0.538889,-0.470113
52.40090600,-1.59492300,172.890,7.4700,4.00,119.600,24,60200.0,2019-09-08 11:08:19:746,-0.273400,0.019000,9.780800,-0.003800,-0.014700,9.806600,-0.0688000,0.0156000,0.0814000,-28.810,-29.370,10.810,281.270,-81.110,178.870,1,30.431,-2.57000,-0.708333,-0.379161
52.40090600,-1.59492300,172.890,7.4700,4.00,119.600,24,60300.0,2019-09-08 11:08:19:845,-0.779300,-0.777000,10.177600,-0.020000,-0.017600,9.806600,-0.0695000,0.0437000,0.0382000,-28.750,-29.310,11.940,284.500,-81.140,-179.800,1,29.747,6.73000,-1.900000,0.970584
52.40090600,-1.59492300,172.890,7.4700,4.00,119.600,24,60400.0,2019-09-08 11:08:19:946,-1.883900,-0.410400,10.610600,0.009200,0.001600,9.806600,0.2038000,-0.0368000,-0.0066000,-28.440,-29.620,11.130,283.440,-81.120,-179.140,1,29.506,-17.21000,-0.669444,-2.461875
52.40090600,-1.59492300,172.890,7.4700,4.00,119.600,24,60500.0,2019-09-08 11:08:20:046,-0.818500,-0.239200,10.250300,0.019900,0.010300,9.806600,0.1930000,-0.0170000,-0.0453000,-28.000,-28.750,12.440,284.300,-80.870,179.790,1,29.542,8.31000,0.100000,1.190189
52.40090600,-1.59492300,172.890,7.4700,4.00,119.600,24,60600.0,2019-09-08 11:08:20:146,-0.943100,-0.580900,8.993400,0.010500,-0.001200,9.806500,-0.1034000,0.0221000,-0.0091000,-28.440,-29.690,12.250,283.230,-80.630,179.290,1,28.962,9.12000,-1.611111,1.280555
52.40090600,-1.59492300,172.890,7.4700,4.00,119.600,24,60700.0,2019-09-08 11:08:20:245,-1.272500,-0.102500,9.286500,-0.017700,0.007800,9.806500,-0.0640000,0.0603000,-0.0051000,-28.000,-29.370,12.190,283.250,-80.520,179.130,1,28.832,-11.97000,-0.361111,-1.673184
52.40090600,-1.59492300,172.890,7.4700,4.00,119.600,24,60800.0,2019-09-08 11:08:20:345,-1.994600,-0.572300,9.529000,0.007200,0.000900,9.806600,-0.0285000,-0.0062000,-0.0336000,-27.940,-29.440,12.690,284.680,-80.580,178.640,1,28.361,9.83000,-1.308333,1.351605
52.40090600,-1.59492300,172.890,7.4700,4.00,119.600,24,60900.0,2019-09-08 11:08:20:445,-1.618500,0.031800,9.546100,0.024300,-0.001000,9.806500,-0.0575000,-0.0007000,-0.0138000,-28.440,-29.560,11.810,282.140,-80.630,178.240,1,28.332,-9.04000,-0.080556,-1.241711
52.40090600,-1.59492300,172.890,7.4700,4.00,119.600,27,61000.0,2019-09-08 11:08:20:545,-2.566800,-0.337800,9.571400,-0.032700,0.012700,9.806500,0.0768000,0.0528000,-0.0246000,-27.750,-29.370,12.380,282.330,-80.700,178.040,1,28.080,2.61000,-0.700000,0.355314
52.40090600,-1.59492300,172.890,7.4700,4.00,119.600,27,61100.0,2019-09-08 11:08:20:646,-0.354900,-1.263400,10.030600,-0.013300,-0.002500,9.806600,0.0474000,0.0030000,0.0347000,-28.370,-29.940,11.880,282.080,-80.920,177.880,1,28.260,-2.43000,0.500000,-0.332930
52.40090600,-1.59492300,172.890,7.4700,4.00,119.600,27,61200.0,2019-09-08 11:08:20:745,-1.436100,-0.753700,10.115400,-0.003500,0.001300,9.806600,-0.0452000,0.0383000,0.0240000,-28.000,-29.620,11.880,282.140,-80.960,177.900,1,27.634,-12.10000,-1.738889,-1.621078
52.40090600,-1.59492300,172.890,7.4700,4.00,119.600,27,61300.0,2019-09-08 11:08:20:845,-1.541700,-0.324800,9.626600,0.002900,-0.003800,9.806500,-0.0016000,0.0230000,0.0429000,-28.370,-30.120,11.880,282.020,-80.990,177.740,1,27.414,10.09000,-0.611111,1.341030
52.40090600,-1.59492300,172.890,7.4700,4.00,119.600,27,61400.0,2019-09-08 11:08:20:946,-2.524200,-0.030100,8.937800,-0.001700,-0.000100,9.806600,0.1246000,0.0103000,0.0138000,-28.120,-29.870,11.750,281.690,-80.980,177.430,1,27.277,-2.76000,-0.380556,-0.364990
52.40090600,-1.59492300,172.890,7.4700,4.00,119.600,27,61500.0,2019-09-08 11:08:21:046,-1.423000,-0.152200,9.452800,-0.012200,-0.005200,9.806600,0.0782000,-0.0175000,0.0180000,-29.060,-30.250,12.000,281.810,-81.030,177.970,1,26.719,9.92000,-1.550000,1.285011
52.40090600,-1.59492300,172.890,7.4700,4.00,119.600,27,61600.0,2019-09-08 11:08:21:145,-2.760100,0.711800,10.477200,-0.028000,-0.001300,9.806500,0.0511000,-0.0566000,0.0449000,-29.310,-29.810,11.440,281.040,-81.090,178.960,1,26.446,-6.92000,-0.758333,-0.887240
52.40090600,-1.59492300,172.890,7.4700,4.00,119.600,27,61700.0,2019-09-08 11:08:21:245,-2.563400,-0.921200,10.511700,-0.008100,-0.005400,9.806600,0.0243000,0.0114000,-0.0552000,-28.620,-29.690,12.190,284.310,-81.300,-179.870,1,26.158,0.84000,-0.800000,0.106527
52.40090600,-1.59492300,172.890,7.4700,4.00,119.600,27,61800.0,2019-09-08 11:08:21:346,-3.000500,0.589200,9.737100,0.002100,0.006800,9.806600,0.0571000,-0.0151000,-0.0091000,-28.620,-29.500,12.000,284.360,-81.290,179.920,1,25.668,3.37000,-1.361111,0.419369
52.40090600,-1.59492300,172.890,7.4700,4.00,119.600,27,61900.0,2019-09-08 11:08:21:446,-2.306300,0.035400,9.453400,0.017500,-0.009200,9.806500,0.0496000,-0.0256000,-0.0210000,-29.690,-29.310,11.750,283.810,-81.050,-179.940,1,24.746,6.49000,-2.561111,0.778618
52.40090600,-1.59492300,172.890,7.4700,4.00,119.600,27,62000.0,2019-09-08 11:08:21:545,-2.579600,0.240100,9.597500,0.013000,-0.005100,9.806500,0.0586000,-0.0186000,0.0178000,-29.190,-29.560,12.310,283.840,-80.730,-179.750,1,24.134,15.37000,-1.700000,1.798366
52.40090600,-1.59492300,172.890,7.4700,4.00,119.600,27,62100.0,2019-09-08 11:08:21:646,-2.223700,-0.909400,9.589200,0.005200,-0.013600,9.806600,0.0179000,-0.0136000,0.0122000,-29.940,-28.440,11.310,282.980,-80.680,-178.940,1,23.321,-0.21000,-2.258333,-0.023743
52.40090600,-1.59492300,172.890,7.4700,4.00,119.600,27,62200.0,2019-09-08 11:08:21:745,-3.197800,0.245200,9.428000,-0.016700,0.011300,9.806500,0.0149000,-0.0450000,0.0275000,-29.870,-28.940,11.310,282.560,-80.750,-179.120,1,22.590,-6.30000,-2.030556,-0.689972
52.40090600,-1.59492300,172.890,7.4700,4.00,119.600,27,62300.0,2019-09-08 11:08:21:845,-2.904500,0.546400,9.822200,-0.022000,-0.006600,9.806600,0.0533000,0.0228000,-0.0616000,-29.940,-28.560,11.000,282.960,-80.930,-178.910,1,22.651,-18.22000,0.169444,-2.000832
52.40090600,-1.59492300,172.890,7.4700,4.00,119.600,27,62400.0,2019-09-08 11:08:21:945,-2.613600,0.063400,10.020300,0.016600,-0.001400,9.806600,-0.0964000,-0.0676000,0.0279000,-29.560,-29.190,11.630,284.650,-80.950,-179.030,1,20.747,7.35000,-5.288889,0.739295
52.40090600,-1.59492300,172.890,7.4700,4.00,119.600,27,62500.0,2019-09-08 11:08:22:045,-2.722000,0.004700,9.436800,0.018200,-0.007100,9.806600,-0.0783000,0.0015000,-0.0130000,-29.620,-29.440,11.190,282.990,-80.840,-178.790,1,20.851,35.51000,0.288889,3.589653
52.40090600,-1.59492300,172.890,7.4700,4.00,119.600,27,62600.0,2019-09-08 11:08:22:145,-4.192100,0.268800,9.913300,-0.011600,0.004100,9.806600,0.0909000,-0.0266000,-0.0150000,-29.810,-29.120,11.500,284.850,-80.910,-178.800,1,18.090,27.45000,-7.669444,2.407442
52.40090600,-1.59492300,172.890,7.4700,4.00,119.600,27,62700.0,2019-09-08 11:08:22:245,-3.415700,-0.138200,9.809700,0.000100,-0.001600,9.806600,0.0018000,-0.0423000,0.0055000,-29.060,-29.190,11.380,283.480,-80.950,-178.810,1,19.008,18.33000,2.550000,1.689172
52.40090600,-1.59492300,172.890,7.4700,4.00,119.600,27,62800.0,2019-09-08 11:08:22:345,-3.877000,0.010700,10.100600,-0.001300,-0.008200,9.806500,-0.0229000,0.0182000,-0.0604000,-29.120,-29.190,11.630,285.710,-80.980,-178.470,1,16.610,-9.41000,-6.661111,-0.757764
52.40090600,-1.59492300,172.890,7.4700,4.00,119.600,27,62900.0,2019-09-08 11:08:22:445,-2.643500,-0.432000,9.501000,-0.004800,0.005400,9.806600,-0.0112000,0.0008000,0.0340000,-29.190,-29.310,11.250,283.540,-81.090,-178.890,1,17.280,58.20000,1.861111,4.875752
52.40090600,-1.59492300,172.890,7.4700,4.00,119.600,26,63000.0,2019-09-08 11:08:22:546,-3.244600,-0.315200,10.061200,0.000600,-0.006200,9.806600,0.0115000,0.0091000,0.0246000,-29.940,-29.000,11.380,282.900,-81.190,-179.210,1,14.494,-6.64000,-7.738889,-0.466585
52.40090600,-1.59492300,172.890,7.4700,4.00,119.600,26,63100.0,2019-09-08 11:08:22:646,-3.080900,-0.249000,9.950700,0.011900,0.000800,9.806600,-0.0257000,0.0059000,0.0109000,-29.250,-28.620,10.560,283.520,-81.190,-179.010,1,14.645,-36.86000,0.419444,-2.617096
52.40090600,-1.59492300,172.890,7.4700,4.00,119.600,26,63200.0,2019-09-08 11:08:22:745,-3.178000,-0.272400,9.522700,-0.005800,-0.002000,9.806600,0.0015000,-0.0102000,0.0169000,-29.190,-28.750,11.190,283.420,-81.290,-179.200,1,13.410,-26.47000,-3.430556,-1.720908
52.40090600,-1.59492300,172.890,7.4700,4.00,119.600,26,63300.0,2019-09-08 11:08:22:846,-3.133200,-0.173200,10.137900,-0.003300,-0.001900,9.806600,0.0151000,-0.0154000,-0.0032000,-28.560,-29.370,12.000,285.520,-81.300,-178.970,1,12.661,-39.81000,-2.080556,-2.443628
52.40090600,-1.59492300,172.890,7.4700,4.00,119.600,26,63400.0,2019-09-08 11:08:22:946,-2.692100,-0.851000,9.649600,-0.005300,-0.004600,9.806600,0.0326000,0.0320000,-0.0577000,-29.620,-29.810,11.380,282.900,-81.310,-179.050,1,11.167,-5.00000,-4.150000,-0.270696
52.40090600,-1.59492300,172.890,7.4700,4.00,119.600,26,63500.0,2019-09-08 11:08:23:045,-2.624900,0.238700,9.640200,0.000300,0.008600,9.806600,-0.0118000,-0.0067000,0.0272000,-28.690,-29.690,11.440,283.130,-81.310,-179.230,1,10.606,-7.48000,-1.558333,-0.384617
52.40090600,-1.59492300,172.890,7.4700,4.00,119.600,26,63600.0,2019-09-08 11:08:23:145,-2.728400,-0.270100,9.515700,-0.003500,-0.001700,9.806600,0.0201000,0.0060000,0.0079000,-29.250,-29.440,11.380,283.330,-81.320,-179.310,1,9.968,-12.10000,-1.772222,-0.584747
52.40090600,-1.59492300,172.890,7.4700,4.00,119.600,26,63700.0,2019-09-08 11:08:23:245,-2.802200,0.093400,10.114100,0.000300,0.003000,9.806600,0.0185000,-0.0365000,0.0148000,-29.440,-28.810,11.500,285.130,-81.320,-179.360,1,9.000,6.17000,-2.688889,0.269217
52.40090600,-1.59492300,172.890,7.4700,4.00,119.600,26,63800.0,2019-09-08 11:08:23:346,-1.673200,-0.112100,9.845500,0.003400,-0.001500,9.806600,0.0074000,-0.0093000,-0.0178000,-28.870,-28.690,10.940,283.000,-81.290,-179.610,1,7.963,14.58000,-2.880556,0.562871
52.40090600,-1.59492300,172.890,7.4700,4.00,119.600,26,63900.0,2019-09-08 11:08:23:445,-1.626600,-0.496900,9.407800,0.003600,-0.001500,9.806600,0.0212000,-0.0352000,0.0089000,-29.000,-28.440,11.880,285.090,-81.270,-179.620,1,7.247,3.40000,-1.988889,0.119457
52.40090600,-1.59492300,172.890,7.4700,4.00,119.600,24,64000.0,2019-09-08 11:08:23:546,-1.999800,-0.509600,9.614400,-0.001800,-0.000700,9.806600,0.0220000,0.0127000,-0.0300000,-29.000,-28.310,11.630,285.060,-81.250,-179.630,1,6.318,29.80000,-2.580556,0.912790
52.40090600,-1.59492300,172.890,7.4700,4.00,119.600,24,64100.0,2019-09-08 11:08:23:645,-1.713300,-0.766900,9.994200,-0.000400,0.000700,9.806600,0.0141000,-0.0173000,0.0164000,-29.370,-29.060,11.810,284.700,-81.280,-179.740,1,5.767,31.47000,-1.530556,0.879876
52.40090600,-1.59492300,172.890,7.4700,4.00,119.600,24,64200.0,2019-09-08 11:08:23:745,-1.589200,-0.145700,9.789100,0.001500,-0.001300,9.806600,-0.0028000,-0.0131000,0.0169000,-28.310,-29.000,12.380,285.020,-81.320,-179.950,1,3.812,-2.95000,-5.430556,-0.054519
52.40090600,-1.59492300,172.890,7.4700,4.00,119.600,24,64300.0,2019-09-08 11:08:23:846,-1.233400,-0.638400,9.846700,0.001600,-0.001800,9.806600,-0.0052000,-0.0020000,-0.0039000,-28.500,-29.000,11.500,285.270,-81.340,-179.730,1,4.424,-4.41000,1.700000,-0.094586
52.40090600,-1.59492300,172.890,7.4700,4.00,119.600,24,64400.0,2019-09-08 11:08:23:945,-1.040100,-0.394500,9.819400,-0.004000,-0.001000,9.806600,0.0174000,0.0032000,-0.0138000,-28.370,-28.810,12.810,287.170,-81.380,-179.740,1,3.568,-53.17000,-2.377778,-0.919743
52.40090600,-1.59492300,172.890,7.4700,4.00,119.600,24,64500.0,2019-09-08 11:08:24:045,-0.738500,-0.493800,9.612900,-0.001000,0.000700,9.806600,0.0074000,-0.0122000,0.0027000,-28.190,-29.000,12.690,287.140,-81.390,-179.780,1,3.845,9.19000,0.769444,0.171312
52.40090600,-1.59492300,172.890,7.4700,4.00,119.600,24,64600.0,2019-09-08 11:08:24:145,-0.737900,-0.594700,9.710100,-0.006000,0.002400,9.806600,0.0078000,-0.0017000,-0.0081000,-28.940,-28.870,12.380,284.940,-81.400,-179.620,1,3.006,47.63000,-2.330556,0.694136
52.40090600,-1.59492300,172.890,7.4700,4.00,119.600,24,64700.0,2019-09-08 11:08:24:246,-0.558300,-0.697600,9.743600,-0.008600,0.000700,9.806600,0.0131000,-0.0056000,0.0039000,-28.440,-29.000,11.940,285.540,-81.470,-179.600,1,2.563,-13.39000,-1.230556,-0.166381
52.40090600,-1.59492300,172.890,7.4700,4.00,119.600,24,64800.0,2019-09-08 11:08:24:346,-0.500700,-0.686400,9.797200,-0.004100,0.001400,9.806600,0.0128000,-0.0241000,0.0236000,-28.560,-29.440,11.560,285.170,-81.520,-179.510,1,2.934,-93.81000,1.030556,-1.334394
52.40090600,-1.59492300,172.890,7.4700,4.00,119.600,24,64900.0,2019-09-08 11:08:24:446,-0.272500,-0.685900,9.962600,-0.010000,0.000100,9.806600,0.0327000,-0.0139000,0.0107000,-28.620,-29.310,12.130,285.410,-81.620,-179.370,1,2.869,-85.97000,-0.180556,-1.195783
52.40089400,-1.59409800,171.490,1.0000,4.00,85.180,28,65000.0,2019-09-08 11:08:24:545,-0.114700,-0.698200,9.878900,-0.012300,0.000000,9.806600,0.0307000,-0.0060000,-0.0059000,-28.810,-29.440,12.250,285.540,-81.600,-179.230,1,2.826,10.97000,-0.119444,0.150298
52.40089400,-1.59409800,171.490,1.0000,4.00,85.180,28,65100.0,2019-09-08 11:08:24:645,-0.072700,-0.976600,9.689100,-0.015100,0.000900,9.806600,0.0208000,-0.0039000,-0.0069000,-28.310,-29.250,12.380,286.900,-81.760,-178.560,1,2.243,114.68000,-1.619444,1.247073
52.40089400,-1.59409800,171.490,1.0000,4.00,85.180,28,65200.0,2019-09-08 11:08:24:745,0.205500,-0.759000,10.048200,-0.016900,0.003100,9.806600,0.0352000,-0.0025000,0.0071000,-28.750,-28.870,12.250,286.640,-81.830,-178.380,1,2.419,45.03000,0.488889,0.528096
52.40089400,-1.59409800,171.490,1.0000,4.00,85.180,28,65300.0,2019-09-08 11:08:24:845,0.438900,-0.884300,10.013900,0.004900,-0.005000,9.806600,-0.0394000,-0.0093000,-0.0012000,-28.440,-28.500,11.750,287.680,-81.890,-178.190,1,1.814,-6.88000,-1.680556,-0.060506
52.40089400,-1.59409800,171.490,1.0000,4.00,85.180,28,65400.0,2019-09-08 11:08:24:946,-0.153400,-0.371600,9.921600,0.003000,-0.003100,9.806600,-0.0147000,-0.0081000,0.0115000,-29.500,-28.370,12.060,287.490,-81.940,-177.910,1,2.268,26.59000,1.261111,0.292372
52.40089400,-1.59409800,171.490,1.0000,4.00,85.180,28,65500.0,2019-09-08 11:08:25:046,0.227400,-0.883500,9.875800,-0.010100,-0.002800,9.806600,0.0387000,-0.0191000,0.0104000,-28.940,-28.870,11.810,287.760,-82.010,-177.470,1,2.174,87.94000,-0.261111,0.926874
52.40089400,-1.59409800,171.490,1.0000,4.00,85.180,28,65600.0,2019-09-08 11:08:25:145,0.193500,-0.994200,9.874800,-0.014900,-0.002700,9.806600,0.0423000,-0.0432000,0.0178000,-28.870,-28.560,12.130,288.670,-82.140,-176.710,1,1.735,-35.21000,-1.219444,-0.296170
52.40089400,-1.59409800,171.490,1.0000,4.00,85.180,28,65700.0,2019-09-08 11:08:25:245,0.633300,-0.759000,9.892700,-0.003100,-0.003100,9.806600,-0.0108000,-0.0371000,0.0151000,-29.190,-29.190,13.250,291.360,-82.190,-175.920,1,2.977,32.77000,3.450000,0.472966
52.40089400,-1.59409800,171.490,1.0000,4.00,85.180,28,65800.0,2019-09-08 11:08:25:345,0.276300,-0.993700,9.752900,-0.001100,0.001200,9.806600,0.0071000,-0.0344000,0.0218000,-29.190,-29.310,12.190,289.840,-82.240,-175.670,1,2.639,-127.44000,-0.938889,-1.630497
52.40089400,-1.59409800,171.490,1.0000,4.00,85.180,28,65900.0,2019-09-08 11:08:25:445,0.086000,-0.804600,9.686700,-0.016400,0.000700,9.806600,0.0271000,-0.0390000,0.0169000,-29.190,-28.870,12.750,291.920,-82.280,-175.470,1,3.236,118.42000,1.658333,1.857841
52.40089400,-1.59409800,171.490,1.0000,4.00,85.180,27,66000.0,2019-09-08 11:08:25:546,0.100700,-1.031700,9.779100,-0.012900,-0.003100,9.806500,0.0353000,-0.0242000,-0.0099000,-28.810,-28.250,12.630,293.160,-82.420,-174.620,1,2.786,35.24000,-1.250000,0.475983
52.40089400,-1.59409800,171.490,1.0000,4.00,85.180,27,66100.0,2019-09-08 11:08:25:645,0.618700,-1.248800,10.073000,0.001500,-0.007300,9.806600,-0.0093000,-0.0602000,0.0280000,-28.870,-28.620,13.560,295.190,-82.480,-174.220,1,3.604,-122.32000,2.272222,-2.137259
52.40089400,-1.59409800,171.490,1.0000,4.00,85.180,27,66200.0,2019-09-08 11:08:25:746,0.878300,-1.000900,9.575100,-0.004100,-0.008400,9.806600,-0.0149000,-0.0664000,0.0369000,-28.940,-28.250,12.940,294.730,-82.510,-173.200,1,2.880,7.05000,-2.011111,0.098437
52.40089400,-1.59409800,171.490,1.0000,4.00,85.180,27,66300.0,2019-09-08 11:08:25:846,0.855900,-1.382600,9.707600,-0.017700,-0.005200,9.806600,0.0106000,-0.1050000,0.0528000,-29.120,-28.000,13.440,296.680,-82.640,-171.440,1,4.039,-40.15000,3.219444,-0.786202
52.40089400,-1.59409800,171.490,1.0000,4.00,85.180,27,66400.0,2019-09-08 11:08:25:946,0.474500,-1.483500,10.186200,-0.019800,-0.004700,9.806600,0.0209000,-0.0919000,0.0037000,-28.690,-28.310,13.810,299.650,-82.700,-170.380,1,3.949,4.30000,-0.250000,0.082325
52.40089400,-1.59409800,171.490,1.0000,4.00,85.180,27,66500.0,2019-09-08 11:08:26:046,1.718300,-1.765400,9.788000,-0.001700,-0.001400,9.806600,-0.0352000,-0.1293000,0.0039000,-29.120,-29.120,13.250,297.940,-82.780,-170.160,1,3.744,63.83000,-0.569444,1.158605
52.40089400,-1.59409800,171.490,1.0000,4.00,85.180,27,66600.0,2019-09-08 11:08:26:146,1.414800,-1.599400,9.675700,-0.003400,0.002000,9.806600,-0.0253000,-0.1650000,0.0099000,-28.750,-29.250,13.500,300.220,-82.880,-169.800,1,4.968,-0.16000,3.400000,-0.003854
52.40089400,-1.59409800,171.490,1.0000,4.00,85.180,27,66700.0,2019-09-08 11:08:26:245,1.183400,-1.561700,9.663500,-0.009000,0.011400,9.806600,-0.0130000,-0.1652000,0.0001000,-29.370,-29.060,13.380,298.530,-82.960,-169.760,1,4.813,-45.72000,-0.430556,-1.066834
52.40089400,-1.59409800,171.490,1.0000,4.00,85.180,27,66800.0,2019-09-08 11:08:26:345,1.198900,-1.196000,10.142700,-0.008700,-0.000400,9.806600,0.0075000,-0.1479000,-0.0168000,-29.310,-29.250,13.750,300.330,-83.130,-169.900,1,5.364,-33.49000,1.530556,-0.870921
52.40089400,-1.59409800,171.490,1.0000,4.00,85.180,27,66900.0,2019-09-08 11:08:26:446,1.343000,-1.216200,10.154900,0.001300,0.008200,9.806600,-0.0224000,-0.1994000,0.0042000,-29.250,-28.190,13.750,300.500,-83.180,-169.960,1,5.497,15.90000,0.369444,0.423738
52.40089400,-1.59409800,171.490,1.0000,4.00,85.180,28,67000.0,2019-09-08 11:08:26:545,1.264700,-0.479500,10.073000,-0.001500,-0.005800,9.806600,-0.0078000,-0.1094000,-0.0726000,-29.620,-28.500,15.000,301.260,-83.210,-170.270,1,6.908,57.81000,3.919444,1.936111
52.40089400,-1.59409800,171.490,1.0000,4.00,85.180,28,67100.0,2019-09-08 11:08:26:646,0.466800,-1.368000,9.406700,-0.021700,-0.001200,9.806600,0.0094000,-0.1561000,-0.0228000,-29.500,-28.250,15.500,303.160,-83.210,-170.720,1,6.944,-13.69000,0.100000,-0.460880
52.40089400,-1.59409800,171.490,1.0000,4.00,85.180,28,67200.0,2019-09-08 11:08:26:745,1.046100,-1.781900,9.258800,-0.010800,-0.006400,9.806500,0.0165000,-0.2540000,0.0714000,-29.500,-27.750,15.810,303.840,-83.290,-170.130,1,6.822,-21.93000,-0.338889,-0.725313
52.40089400,-1.59409800,171.490,1.0000,4.00,85.180,28,67300.0,2019-09-08 11:08:26:845,1.190100,-2.212000,9.706300,-0.006400,-0.008100,9.806600,-0.0157000,-0.2507000,0.0778000,-29.310,-28.500,16.940,308.120,-83.390,-167.730,1,7.272,18.15000,1.250000,0.639890
52.40089400,-1.59409800,171.490,1.0000,4.00,85.180,28,67400.0,2019-09-08 11:08:26:945,-0.808500,-1.791500,9.640000,-0.010000,0.002200,9.806600,-0.0435000,-0.2802000,0.0783000,-29.250,-29.190,17.630,311.170,-83.500,-166.310,1,7.920,12.16000,1.800000,0.466910
52.40089400,-1.59409800,171.490,1.0000,4.00,85.180,28,67500.0,2019-09-08 11:08:27:045,-0.199400,-1.529700,10.170400,-0.004400,-0.002400,9.806600,0.0271000,-0.3080000,0.0664000,-28.620,-28.370,17.690,312.370,-83.610,-165.400,1,8.222,-19.60000,0.838889,-0.781283
52.40089400,-1.59409800,171.490,1.0000,4.00,85.180,28,67600.0,2019-09-08 11:08:27:145,0.273800,-1.840100,9.646200,-0.010900,-0.007000,9.806600,0.0181000,-0.3126000,0.0021000,-28.620,-27.690,18.130,313.640,-83.640,-164.230,1,8.114,69.52000,-0.300000,2.734763
52.40089400,-1.59409800,171.490,1.0000,4.00,85.180,28,67700.0,2019-09-08 11:08:27:245,0.092300,-2.019500,10.010500,-0.013900,0.003300,9.806600,-0.0254000,-0.3712000,0.0324000,-28.870,-27.750,18.630,316.440,-83.700,-163.100,1,7.715,-16.67000,-1.108333,-0.623514
52.40089400,-1.59409800,171.490,1.0000,4.00,85.180,28,67800.0,2019-09-08 11:08:27:345,-0.223500,-1.694500,9.826300,-0.008500,-0.007200,9.806600,-0.0690000,-0.3479000,0.0261000,-28.370,-27.750,19.630,319.980,-83.880,-162.200,1,10.364,10.50000,7.358333,0.527584
52.40089400,-1.59409800,171.490,1.0000,4.00,85.180,28,67900.0,2019-09-08 11:08:27:446,-0.093700,-2.333400,9.463700,-0.015000,0.004000,9.806600,0.0230000,-0.3897000,0.0495000,-28.000,-27.500,21.000,324.000,-84.060,-160.020,1,9.349,0.35000,-2.819444,0.015864
52.40089400,-1.59409800,171.490,1.0000,4.00,85.180,26,68000.0,2019-09-08 11:08:27:545,-0.584400,-2.486800,10.407100,-0.001900,-0.016200,9.806600,0.0622000,-0.4323000,0.0902000,-27.810,-28.120,21.500,326.230,-84.140,-159.230,1,9.673,24.26000,0.900000,1.137698
52.40089400,-1.59409800,171.490,1.0000,4.00,85.180,26,68100.0,2019-09-08 11:08:27:645,-0.692200,-2.412600,10.032900,0.014600,-0.012200,9.806600,-0.1098000,-0.4114000,0.0212000,-27.060,-28.560,22.060,328.320,-84.050,-158.120,1,10.091,22.47000,1.161111,1.099290
52.40089400,-1.59409800,171.490,1.0000,4.00,85.180,26,68200.0,2019-09-08 11:08:27:745,-1.110100,-1.279900,9.721600,-0.020700,0.012200,9.806600,-0.0789000,-0.4539000,0.0601000,-26.440,-28.190,22.630,331.320,-84.050,-157.740,1,10.400,59.35000,0.858333,2.992464
52.40089400,-1.59409800,171.490,1.0000,4.00,85.180,26,68300.0,2019-09-08 11:08:27:846,-0.853200,-2.199900,10.025800,-0.032800,0.011300,9.806500,0.0084000,-0.4818000,0.0689000,-26.310,-27.560,23.560,334.750,-84.190,-155.890,1,10.141,-22.83000,-0.719444,-1.122436
52.40089400,-1.59409800,171.490,1.0000,4.00,85.180,26,68400.0,2019-09-08 11:08:27:946,-0.121100,-2.568300,9.578200,0.003300,-0.020400,9.806600,0.0063000,-0.4825000,0.0723000,-25.500,-26.690,24.630,338.260,-84.000,-154.940,1,11.052,38.36000,2.530556,2.055390
52.40089400,-1.59409800,171.490,1.0000,4.00,85.180,26,68500.0,2019-09-08 11:08:28:045,-1.057400,-2.505700,9.776500,-0.008500,-0.010700,9.806600,-0.0251000,-0.5257000,0.0609000,-25.810,-27.690,24.810,339.100,-83.990,-153.010,1,11.387,31.12000,0.930556,1.718002
52.40089400,-1.59409800,171.490,1.0000,4.00,85.180,26,68600.0,2019-09-08 11:08:28:146,-0.721700,-2.089200,9.618400,-0.005500,0.008300,9.806600,-0.0241000,-0.4640000,0.0268000,-24.250,-28.000,24.750,343.070,-84.120,-151.630,1,9.479,38.58000,-5.300000,1.772963
52.40089400,-1.59409800,171.490,1.0000,4.00,85.180,26,68700.0,2019-09-08 11:08:28:246,-0.584900,-2.158000,9.323200,-0.011900,0.006400,9.806600,-0.0413000,-0.5296000,0.0705000,-23.500,-27.810,25.630,346.530,-84.220,-150.820,1,11.707,0.39000,6.188889,0.022135
52.40089400,-1.59409800,171.490,1.0000,4.00,85.180,26,68800.0,2019-09-08 11:08:28:346,-0.675100,-2.063200,10.006400,-0.012100,-0.013400,9.806600,-0.0163000,-0.6060000,0.1216000,-22.370,-28.620,26.310,348.870,-84.140,-149.880,1,10.559,24.17000,-3.188889,1.237298
52.40089400,-1.59409800,171.490,1.0000,4.00,85.180,26,68900.0,2019-09-08 11:08:28:445,-2.087000,-1.927900,10.745500,-0.015800,-0.013100,9.806600,-0.0515000,-0.5525000,0.1104000,-22.120,-29.000,27.190,353.210,-84.000,-146.990,1,11.491,44.51000,2.588889,2.479649
52.40089400,-1.59409800,171.490,1.0000,4.00,85.180,26,69000.0,2019-09-08 11:08:28:545,-1.374200,-1.179800,10.125600,-0.036300,-0.000600,9.806500,-0.0579000,-0.5603000,0.1443000,-21.870,-28.560,28.250,359.710,-83.940,-142.110,1,11.383,48.25000,-0.300000,2.662741
52.40089400,-1.59409800,171.490,1.0000,4.00,85.180,26,69100.0,2019-09-08 11:08:28:646,-1.511400,-3.381800,10.541800,-0.037300,-0.041200,9.806400,-0.0571000,-0.5734000,0.1223000,-21.560,-28.250,28.690,5.150,-83.560,-138.140,1,11.696,19.92000,0.869444,1.129540
52.40089400,-1.59409800,171.490,1.0000,4.00,85.180,26,69200.0,2019-09-08 11:08:28:746,-2.310300,-1.707200,9.988900,0.002800,0.000900,9.806600,-0.0497000,-0.6227000,0.0717000,-20.620,-28.060,30.000,9.270,-83.180,-136.640,1,12.193,11.62000,1.380556,0.686897
52.40089400,-1.59409800,171.490,1.0000,4.00,85.180,26,69300.0,2019-09-08 11:08:28:846,-1.955100,-1.964700,9.996300,0.001700,-0.010300,9.806600,0.0697000,-0.6467000,0.0907000,-19.120,-27.750,30.940,11.140,-82.900,-138.490,1,13.838,94.64000,4.569444,6.349257
52.40089400,-1.59409800,171.490,1.0000,4.00,85.180,26,69400.0,2019-09-08 11:08:28:945,-0.627200,-2.532000,9.517000,0.023700,-0.056300,9.806400,0.0455000,-0.6649000,0.0999000,-18.620,-27.810,30.880,9.610,-82.610,-139.910,1,12.737,-6.93000,-3.058333,-0.427932
52.40089400,-1.59409800,171.490,1.0000,4.00,85.180,26,69500.0,2019-09-08 11:08:29:045,-1.912300,-0.858500,8.895600,0.002700,-0.051800,9.806500,-0.0557000,-0.6076000,0.1127000,-17.560,-27.690,31.630,10.850,-82.040,-141.030,1,13.982,21.57000,3.458333,1.462158
52.40089400,-1.59409800,171.490,1.0000,4.00,85.180,26,69600.0,2019-09-08 11:08:29:146,-1.079900,-0.684400,9.550100,-0.027000,0.006800,9.806600,-0.0148000,-0.5934000,0.1092000,-16.250,-27.560,31.940,14.340,-81.790,-140.820,1,12.946,54.99000,-2.877778,3.451391
52.40089400,-1.59409800,171.490,1.0000,4.00,85.180,26,69700.0,2019-09-08 11:08:29:246,-1.607400,-1.089300,10.485900,-0.016100,0.049100,9.806500,-0.1168000,-0.5212000,-0.0338000,-15.870,-28.370,32.630,17.070,-81.750,-139.070,1,13.810,14.41000,2.400000,0.964789
52.40089400,-1.59409800,171.490,1.0000,4.00,85.180,26,69800.0,2019-09-08 11:08:29:345,-0.399900,-0.771900,10.056100,0.026000,0.004000,9.806600,-0.1387000,-0.4547000,-0.0345000,-14.370,-28.560,31.560,19.770,-82.180,-138.970,1,14.602,48.09000,2.200000,3.404411
52.40089400,-1.59409800,171.490,1.0000,4.00,85.180,26,69900.0,2019-09-08 11:08:29:445,0.293500,0.931100,9.427100,0.010200,-0.005700,9.806600,-0.0314000,-0.4075000,0.0467000,-14.560,-28.060,31.440,17.600,-82.670,-138.510,1,15.084,52.85000,1.338889,3.864883
52.40089400,-1.59409800,171.490,1.0000,4.00,85.180,26,70000.0,2019-09-08 11:08:29:545,0.081700,0.719200,8.993400,-0.014900,0.005000,9.806500,0.0332000,-0.3381000,0.0706000,-12.560,-27.810,32.440,22.100,-82.780,-138.150,1,15.696,42.96000,1.700000,3.269099
52.40089400,-1.59409800,171.490,1.0000,4.00,85.180,26,70100.0,2019-09-08 11:08:29:646,-0.225600,-0.613800,9.911900,-0.013000,-0.019600,9.806600,-0.0571000,-0.2596000,0.0797000,-12.440,-28.120,32.000,24.820,-82.470,-137.390,1,15.631,17.56000,-0.180556,1.330718
52.40089400,-1.59409800,171.490,1.0000,4.00,85.180,26,70200.0,2019-09-08 11:08:29:745,-0.353600,-0.351500,9.683000,-0.004800,-0.004300,9.806600,-0.0772000,-0.2375000,0.0395000,-11.870,-28.370,31.250,24.410,-82.150,-137.360,1,16.456,24.85000,2.291667,1.982556
52.40089400,-1.59409800,171.490,1.0000,4.00,85.180,26,70300.0,2019-09-08 11:08:29:846,0.122000,-0.082800,9.488700,-0.010400,0.009400,9.806600,0.0866000,-0.1983000,0.0376000,-12.190,-28.000,31.750,25.010,-82.080,-137.380,1,15.786,12.73000,-1.861111,0.974261
52.40089400,-1.59409800,171.490,1.0000,4.00,85.180,26,70400.0,2019-09-08 11:08:29:946,0.700000,-0.323800,9.873300,-0.001500,-0.025400,9.806600,0.0882000,-0.1519000,0.0334000,-11.690,-27.690,31.440,24.620,-82.030,-137.220,1,16.247,11.18000,1.280556,0.880623
52.40089400,-1.59409800,171.490,1.0000,4.00,85.180,26,70500.0,2019-09-08 11:08:30:046,0.383800,-0.101400,9.797600,-0.007700,-0.026400,9.806600,-0.0853000,-0.1016000,0.0533000,-11.500,-28.690,31.000,27.320,-81.770,-136.720,1,16.574,24.10000,0.908333,1.936508
52.40089400,-1.59409800,171.490,1.0000,4.00,85.180,26,70600.0,2019-09-08 11:08:30:146,0.180200,0.109300,9.617900,-0.022700,0.021100,9.806600,-0.0505000,-0.0944000,0.0571000,-11.440,-28.620,31.310,28.440,-81.650,-135.790,1,16.531,4.20000,-0.119444,0.336607
52.40089400,-1.59409800,171.490,1.0000,4.00,85.180,26,70700.0,2019-09-08 11:08:30:246,0.291000,-1.191000,9.825500,-0.017600,0.018700,9.806600,-0.0498000,-0.0635000,0.0235000,-11.620,-28.310,31.130,28.690,-81.580,-133.820,1,16.596,1.80000,0.180556,0.144827
52.40089400,-1.59409800,171.490,1.0000,4.00,85.180,26,70800.0,2019-09-08 11:08:30:346,0.596300,-0.360300,9.601500,0.002000,-0.001300,9.806600,-0.0882000,-0.0590000,0.0008000,-11.940,-28.440,32.060,29.740,-81.560,-133.400,1,16.902,10.36000,0.850000,0.848932
52.40089400,-1.59409800,171.490,1.0000,4.00,85.180,26,70900.0,2019-09-08 11:08:30:445,0.312800,0.649100,9.845100,-0.008000,0.008000,9.806600,0.0732000,-0.0108000,-0.0011000,-11.750,-28.750,31.630,30.580,-81.580,-132.770,1,16.391,-1.83000,-1.419444,-0.145422
52.40089400,-1.59409800,171.490,1.0000,4.00,85.180,26,71000.0,2019-09-08 11:08:30:545,1.055800,-0.208000,10.196700,0.001500,-0.034400,9.806600,0.0937000,-0.0110000,0.0338000,-11.620,-27.940,31.190,30.360,-81.550,-132.340,1,17.136,11.01000,2.069444,0.914685
52.40089400,-1.59409800,171.490,1.0000,4.00,85.180,26,71100.0,2019-09-08 11:08:30:645,0.835600,0.189600,9.347800,-0.008300,-0.039600,9.806500,-0.0503000,0.0056000,0.0687000,-11.870,-28.690,31.380,30.460,-81.190,-132.570,1,17.006,-1.70000,-0.361111,-0.140161
52.40089400,-1.59409800,171.490,1.0000,4.00,85.180,26,71200.0,2019-09-08 11:08:30:746,0.089000,-0.025900,9.753000,-0.029000,0.019200,9.806600,-0.0621000,-0.0136000,0.0698000,-11.810,-28.000,31.440,31.460,-80.910,-131.690,1,17.485,3.38000,1.330556,0.286521
52.40089400,-1.59409800,171.490,1.0000,4.00,85.180,26,71300.0,2019-09-08 11:08:30:845,0.128700,-0.824000,9.614100,-0.023400,0.002800,9.806600,-0.0199000,-0.0113000,0.0479000,-12.120,-28.750,31.130,33.780,-80.660,-129.940,1,17.111,15.05000,-1.038889,1.248495
52.40089400,-1.59409800,171.490,1.0000,4.00,85.180,26,71400.0,2019-09-08 11:08:30:945,0.773700,-0.188600,10.155100,-0.012100,-0.010200,9.806600,0.0652000,0.0158000,0.0336000,-12.810,-28.500,30.880,31.590,-80.410,-130.200,1,16.902,-22.88000,-0.580556,-1.874861
52.40089400,-1.59409800,171.490,1.0000,4.00,85.180,26,71500.0,2019-09-08 11:08:31:045,0.756300,-0.150500,10.305800,-0.009100,-0.020700,9.806600,-0.0175000,0.0071000,0.0633000,-12.750,-28.120,31.130,31.910,-80.180,-130.040,1,17.845,0.20000,2.619444,0.017303
52.40089400,-1.59409800,171.490,1.0000,4.00,85.180,26,71600.0,2019-09-08 11:08:31:146,0.654000,-0.679700,9.819700,-0.003300,0.009700,9.806600,-0.0531000,0.0273000,-0.0045000,-12.810,-27.750,31.500,32.790,-80.090,-129.850,1,17.244,15.93000,-1.669444,1.331768
52.40089400,-1.59409800,171.490,1.0000,4.00,85.180,26,71700.0,2019-09-08 11:08:31:246,0.219200,0.062400,9.385200,-0.008400,0.004400,9.806600,0.0617000,0.0045000,0.0363000,-13.310,-28.120,31.440,32.700,-80.070,-129.410,1,18.162,-10.12000,2.550000,-0.891085
52.40089400,-1.59409800,171.490,1.0000,4.00,85.180,26,71800.0,2019-09-08 11:08:31:346,0.595600,0.403900,9.523300,0.001000,-0.009300,9.806600,0.0769000,0.0196000,-0.0116000,-12.190,-27.810,31.750,35.850,-80.100,-128.750,1,18.000,-1.96000,-0.450000,-0.171042
52.40089400,-1.59409800,171.490,1.0000,4.00,85.180,26,71900.0,2019-09-08 11:08:31:445,1.132700,-0.936200,9.995500,-0.003000,-0.006700,9.806600,-0.1003000,0.0173000,0.0525000,-13.000,-27.620,31.560,33.990,-80.040,-128.830,1,18.331,4.78000,0.919444,0.424804
52.40089400,-1.59409800,171.490,1.0000,4.00,85.180,26,72000.0,2019-09-08 11:08:31:545,0.234800,-0.504700,10.023800,-0.015900,0.010600,9.806500,-0.0543000,-0.0134000,0.0512000,-13.190,-27.370,31.190,34.550,-79.980,-127.680,1,17.939,-0.21000,-1.088889,-0.018264
52.40089400,-1.59409800,171.490,1.0000,4.00,85.180,26,72100.0,2019-09-08 11:08:31:646,0.364700,-0.287300,10.064100,-0.004600,0.024700,9.806600,-0.0124000,0.0264000,0.0067000,-12.810,-28.060,31.250,34.930,-80.000,-127.500,1,18.263,-2.83000,0.900000,-0.250573
52.40089400,-1.59409800,171.490,1.0000,4.00,85.180,26,72200.0,2019-09-08 11:08:31:745,0.248500,-0.705300,9.862700,-0.006500,-0.002900,9.806600,-0.0521000,0.0303000,0.0197000,-12.870,-27.560,31.190,34.670,-79.910,-127.780,1,18.410,1.58000,0.408333,0.141022
52.40089400,-1.59409800,171.490,1.0000,4.00,85.180,26,72300.0,2019-09-08 11:08:31:846,0.006100,-0.241300,10.084100,0.002200,0.004300,9.806600,0.0865000,0.0080000,-0.0011000,-13.370,-27.870,31.190,34.590,-79.840,-127.890,1,18.983,2.85000,1.591667,0.262292
52.40089400,-1.59409800,171.490,1.0000,4.00,85.180,26,72400.0,2019-09-08 11:08:31:946,0.567800,-0.842200,10.308000,0.013600,-0.034900,9.806500,0.1330000,-0.0007000,0.0170000,-12.940,-27.750,31.130,34.050,-79.770,-128.400,1,18.652,-2.64000,-0.919444,-0.238728
52.40089400,-1.59409800,171.490,1.0000,4.00,85.180,26,72500.0,2019-09-08 11:08:32:046,0.268200,-0.492300,10.208400,0.010400,-0.037900,9.806600,-0.0151000,0.0454000,-0.0016000,-12.940,-27.310,30.630,32.450,-79.630,-129.700,1,18.414,-4.89000,-0.661111,-0.436548
52.40089400,-1.59409800,171.490,1.0000,4.00,85.180,26,72600.0,2019-09-08 11:08:32:145,0.359400,0.040400,10.084300,-0.007600,0.010400,9.806500,-0.0124000,0.0093000,0.0256000,-13.370,-27.000,31.380,33.040,-79.640,-129.180,1,18.796,7.17000,1.061111,0.653370
52.40089400,-1.59409800,171.490,1.0000,4.00,85.180,26,72700.0,2019-09-08 11:08:32:245,0.435300,-0.211400,10.104200,-0.004800,-0.000200,9.806600,-0.0487000,0.0028000,0.0243000,-13.620,-27.620,31.380,31.260,-79.560,-129.320,1,18.860,-8.53000,0.177778,-0.779948
52.40089400,-1.59409800,171.490,1.0000,4.00,85.180,26,72800.0,2019-09-08 11:08:32:345,0.485100,-0.536000,9.632700,0.003400,-0.002300,9.806600,-0.0125000,-0.0010000,-0.0153000,-13.000,-27.440,30.880,32.740,-79.450,-129.540,1,18.533,5.78000,-0.908333,0.519336
52.40089400,-1.59409800,171.490,1.0000,4.00,85.180,26,72900.0,2019-09-08 11:08:32:446,0.180100,0.698600,9.249500,-0.002000,0.013500,9.806600,0.0732000,-0.0247000,-0.0069000,-13.250,-27.060,31.130,32.220,-79.420,-130.010,1,18.785,-7.74000,0.700000,-0.704899
52.40089400,-1.59409800,171.490,1.0000,4.00,85.180,26,73000.0,2019-09-08 11:08:32:545,0.567200,1.049400,10.197200,0.008300,-0.024900,9.806500,-0.0453000,-0.0361000,0.0160000,-13.560,-27.190,31.250,29.800,-79.360,-130.520,1,18.929,4.39000,0.400000,0.402872
52.40089400,-1.59409800,171.490,1.0000,4.00,85.180,26,73100.0,2019-09-08 11:08:32:645,0.539700,0.579200,9.625500,0.013600,-0.035900,9.806500,-0.1053000,0.0093000,-0.0214000,-13.000,-27.120,30.880,31.160,-79.310,-130.980,1,19.591,-6.78000,1.838889,-0.643963
52.40089400,-1.59409800,171.490,1.0000,4.00,85.180,26,73200.0,2019-09-08 11:08:32:745,0.537700,0.994100,9.170600,-0.008900,0.030300,9.806500,0.1388000,-0.0508000,0.0536000,-13.250,-26.870,31.130,30.820,-79.280,-131.280,1,19.282,15.25000,-0.858333,1.425597
52.40089400,-1.59409800,171.490,1.0000,4.00,85.180,26,73300.0,2019-09-08 11:08:32:846,0.270200,0.378800,9.740100,-0.009200,0.019600,9.806600,0.1489000,-0.0343000,0.0213000,-12.870,-26.870,31.880,32.050,-79.310,-130.730,1,19.447,-13.17000,0.458333,-1.241690
52.40089400,-1.59409800,171.490,1.0000,4.00,85.180,26,73400.0,2019-09-08 11:08:32:946,-0.158100,0.757300,9.993200,0.003300,-0.012000,9.806600,-0.0341000,-0.0200000,0.0085000,-13.060,-27.440,31.190,31.290,-79.310,-130.860,1,19.865,13.24000,1.161111,1.275121
52.40089400,-1.59409800,171.490,1.0000,4.00,85.180,26,73500.0,2019-09-08 11:08:33:046,-0.146600,0.684000,10.062400,-0.000500,0.008400,9.806600,0.0019000,-0.0175000,0.0031000,-13.810,-27.310,30.940,29.130,-79.290,-131.130,1,19.026,-12.65000,-2.330556,-1.166844
52.40089400,-1.59409800,171.490,1.0000,4.00,85.180,26,73600.0,2019-09-08 11:08:33:146,0.360800,0.426600,10.202400,0.003400,-0.005900,9.806600,-0.0726000,0.0048000,-0.0186000,-12.750,-27.190,30.810,30.760,-79.320,-131.310,1,19.735,7.52000,1.969444,0.719498
52.40089400,-1.59409800,171.490,1.0000,4.00,85.180,26,73700.0,2019-09-08 11:08:33:246,0.244000,0.192600,9.567400,-0.000500,-0.000700,9.806500,-0.0326000,-0.0139000,0.0111000,-13.310,-27.440,30.690,30.750,-79.370,-131.300,1,19.876,-3.34000,0.391667,-0.321848
52.40089400,-1.59409800,171.490,1.0000,4.00,85.180,26,73800.0,2019-09-08 11:08:33:346,0.065900,0.152900,9.915300,0.006900,-0.011900,9.806600,-0.0191000,-0.0136000,-0.0271000,-12.810,-27.500,30.940,30.660,-79.340,-131.390,1,19.138,11.32000,-2.050000,1.050311
52.40089400,-1.59409800,171.490,1.0000,4.00,85.180,26,73900.0,2019-09-08 11:08:33:445,0.174100,0.347200,9.849600,-0.001400,-0.019300,9.806500,0.0077000,0.0299000,-0.0165000,-13.250,-27.190,31.130,29.970,-79.240,-132.040,1,20.066,-19.41000,2.577778,-1.888257
52.40064200,-1.59395600,170.270,5.3200,3.00,179.260,27,74000.0,2019-09-08 11:08:33:546,0.829800,-0.120400,8.973300,-0.005000,0.003700,9.806600,-0.0300000,0.0145000,0.0236000,-13.620,-27.750,31.250,28.220,-79.220,-132.080,1,19.451,13.84000,-1.708333,1.305127
52.40064200,-1.59395600,170.270,5.3200,3.00,179.260,27,74100.0,2019-09-08 11:08:33:645,0.430800,1.616200,9.989100,-0.012300,0.013200,9.806600,-0.0100000,-0.0615000,0.0066000,-13.370,-27.750,31.130,30.890,-79.120,-131.470,1,18.994,-6.48000,-1.269444,-0.596714
52.40064200,-1.59395600,170.270,5.3200,3.00,179.260,27,74200.0,2019-09-08 11:08:33:745,1.317800,-0.216400,9.847200,0.024300,-0.022700,9.806600,-0.0367000,-0.1039000,0.0212000,-13.940,-27.120,30.500,27.330,-79.100,-132.760,1,19.609,6.81000,1.708333,0.647407
52.40064200,-1.59395600,170.270,5.3200,3.00,179.260,27,74300.0,2019-09-08 11:08:33:846,-0.213600,0.584400,9.846000,0.015200,-0.017900,9.806600,-0.0826000,-0.0185000,-0.0210000,-13.750,-28.000,31.440,27.150,-79.040,-133.090,1,18.752,4.56000,-2.380556,0.414560
52.40064200,-1.59395600,170.270,5.3200,3.00,179.260,27,74400.0,2019-09-08 11:08:33:946,0.217400,0.465300,9.455800,-0.004500,0.009900,9.806600,0.0572000,0.0108000,0.0046000,-13.120,-28.060,31.500,29.220,-79.080,-133.430,1,19.620,-12.55000,2.411111,-1.193762
52.40064200,-1.59395600,170.270,5.3200,3.00,179.260,27,74500.0,2019-09-08 11:08:34:046,-0.886700,0.857000,10.457100,-0.005300,0.016700,9.806600,0.0924000,-0.0949000,0.0529000,-13.370,-27.810,31.560,29.700,-79.140,-132.990,1,18.853,9.26000,-2.130556,0.846382
52.40064200,-1.59395600,170.270,5.3200,3.00,179.260,27,74600.0,2019-09-08 11:08:34:145,0.637900,-0.031900,10.212100,0.006100,-0.009000,9.806500,-0.0472000,-0.0417000,0.0311000,-13.750,-27.190,31.690,27.760,-78.930,-133.030,1,18.886,4.69000,0.091667,0.429425
52.40064200,-1.59395600,170.270,5.3200,3.00,179.260,27,74700.0,2019-09-08 11:08:34:245,-0.473400,0.235800,10.190100,0.006500,-0.003300,9.806600,-0.0500000,0.0229000,-0.0020000,-13.500,-27.440,31.000,28.830,-78.960,-133.140,1,18.630,-8.25000,-0.711111,-0.745147
52.40064200,-1.59395600,170.270,5.3200,3.00,179.260,27,74800.0,2019-09-08 11:08:34:345,0.488700,0.403900,9.812000,0.002800,0.004000,9.806600,0.0206000,-0.0255000,0.0224000,-13.250,-27.940,31.310,29.030,-79.130,-133.050,1,19.393,-2.10000,2.119444,-0.197442
52.40064200,-1.59395600,170.270,5.3200,3.00,179.260,27,74900.0,2019-09-08 11:08:34:445,0.200200,0.228700,9.980100,0.002300,-0.004200,9.806600,0.0182000,-0.0162000,0.0064000,-12.750,-27.870,31.810,29.590,-79.140,-133.090,1,18.709,4.83000,-1.900000,0.438099
52.40064200,-1.59395600,170.270,5.3200,3.00,179.260,26,75000.0,2019-09-08 11:08:34:546,0.948400,1.849600,9.741000,-0.003100,0.016600,9.806500,0.0458000,0.0105000,0.0683000,-13.060,-27.870,31.690,29.620,-79.210,-133.020,1,19.044,6.59000,0.930556,0.608441
52.40064200,-1.59395600,170.270,5.3200,3.00,179.260,26,75100.0,2019-09-08 11:08:34:646,0.732700,0.424600,10.317300,-0.012100,-0.029900,9.806500,-0.0667000,0.0649000,0.0191000,-13.440,-27.620,31.130,29.570,-78.890,-132.710,1,18.846,-1.22000,-0.550000,-0.111469
52.40064200,-1.59395600,170.270,5.3200,3.00,179.260,26,75200.0,2019-09-08 11:08:34:745,-1.160600,0.446000,9.800400,-0.008200,-0.025900,9.806600,-0.0824000,-0.0930000,0.0339000,-13.620,-27.620,30.810,28.510,-78.780,-132.050,1,18.846,-1.01000,0.000000,-0.092282
52.40064200,-1.59395600,170.270,5.3200,3.00,179.260,26,75300.0,2019-09-08 11:08:34:845,0.360300,1.077500,9.843100,0.016700,-0.009000,9.806600,0.0572000,-0.0798000,0.0231000,-13.440,-27.690,31.380,30.630,-78.820,-131.840,1,18.482,3.29000,-1.011111,0.294795
52.40064200,-1.59395600,170.270,5.3200,3.00,179.260,26,75400.0,2019-09-08 11:08:34:946,0.627600,-0.756300,10.239200,0.011500,-0.022100,9.806500,0.0107000,-0.0130000,0.0087000,-12.620,-28.060,30.880,29.460,-78.810,-132.840,1,18.184,-4.02000,-0.827778,-0.354397
52.40064200,-1.59395600,170.270,5.3200,3.00,179.260,26,75500.0,2019-09-08 11:08:35:046,-0.072700,-0.364900,10.832000,0.004100,-0.002600,9.806600,0.0782000,0.0435000,-0.0227000,-12.750,-28.810,31.130,29.770,-78.900,-132.700,1,18.252,-1.71000,0.188889,-0.151315
52.40064200,-1.59395600,170.270,5.3200,3.00,179.260,26,75600.0,2019-09-08 11:08:35:145,0.668900,0.815500,9.605700,0.007200,-0.005100,9.806500,0.0838000,0.0064000,0.0663000,-12.620,-28.370,31.190,28.610,-78.960,-133.490,1,18.328,9.50000,0.211111,0.844138
52.40064200,-1.59395600,170.270,5.3200,3.00,179.260,26,75700.0,2019-09-08 11:08:35:246,0.711200,0.333600,9.191500,0.004300,-0.002300,9.806600,0.0112000,-0.0043000,-0.0222000,-12.810,-27.750,32.310,28.720,-78.860,-133.970,1,18.079,-4.42000,-0.691667,-0.387411
52.40064200,-1.59395600,170.270,5.3200,3.00,179.260,26,75800.0,2019-09-08 11:08:35:345,0.203100,0.087600,9.706500,0.003100,-0.001100,9.806600,-0.0356000,-0.0149000,-0.0482000,-12.750,-28.370,32.000,28.030,-78.830,-134.560,1,18.583,-2.10000,1.400000,-0.189195
52.40064200,-1.59395600,170.270,5.3200,3.00,179.260,26,75900.0,2019-09-08 11:08:35:446,0.519000,1.253800,9.853100,0.006100,-0.006100,9.806600,-0.0095000,-0.0415000,-0.0016000,-12.940,-28.370,31.130,26.990,-78.870,-134.900,1,18.054,2.46000,-1.469444,0.215320
52.40064200,-1.59395600,170.270,5.3200,3.00,179.260,26,76000.0,2019-09-08 11:08:35:546,0.250000,0.305500,9.794800,0.004900,-0.006300,9.806600,-0.0038000,-0.0130000,0.0092000,-12.560,-27.190,31.440,26.410,-78.920,-135.220,1,18.317,-3.10000,0.730556,-0.275290
52.40064200,-1.59395600,170.270,5.3200,3.00,179.260,26,76100.0,2019-09-08 11:08:35:645,-0.415200,0.313700,9.840200,-0.005300,0.003100,9.806600,-0.0208000,0.0059000,-0.0364000,-12.370,-28.370,31.880,29.220,-78.910,-135.110,1,18.112,5.81000,-0.569444,0.510173
52.40064200,-1.59395600,170.270,5.3200,3.00,179.260,26,76200.0,2019-09-08 11:08:35:746,-0.078800,0.190800,9.772900,0.004700,0.016300,9.806500,-0.0202000,-0.0165000,-0.0248000,-12.250,-28.250,31.810,29.320,-78.990,-134.990,1,18.234,-5.27000,0.338889,-0.465873
52.40064200,-1.59395600,170.270,5.3200,3.00,179.260,26,76300.0,2019-09-08 11:08:35:845,0.272000,0.712600,9.900200,0.006600,-0.012200,9.806600,-0.0726000,0.0073000,-0.0314000,-12.190,-27.690,31.630,28.940,-79.040,-135.290,1,18.032,2.11000,-0.561111,0.184460
52.40064200,-1.59395600,170.270,5.3200,3.00,179.260,26,76400.0,2019-09-08 11:08:35:946,0.399900,0.379600,9.697200,0.004200,-0.008400,9.806600,-0.0478000,-0.0254000,-0.0057000,-12.440,-27.940,31.810,29.020,-79.110,-135.190,1,18.263,-1.77000,0.641667,-0.156718
52.40064200,-1.59395600,170.270,5.3200,3.00,179.260,26,76500.0,2019-09-08 11:08:36:046,0.502500,0.807700,9.933100,-0.000200,0.001900,9.806500,-0.0049000,-0.0428000,0.0261000,-12.440,-28.500,31.380,28.870,-79.150,-134.810,1,17.827,-0.23000,-1.211111,-0.019878
52.40064200,-1.59395600,170.270,5.3200,3.00,179.260,26,76600.0,2019-09-08 11:08:36:145,0.452000,0.170600,9.743800,0.000400,0.000400,9.806600,-0.0081000,-0.0075000,-0.0009000,-12.190,-28.440,31.500,29.520,-79.150,-134.740,1,18.083,3.55000,0.711111,0.311224
52.40064200,-1.59395600,170.270,5.3200,3.00,179.260,26,76700.0,2019-09-08 11:08:36:245,0.137500,0.841300,9.658900,-0.005500,0.007500,9.806600,0.0422000,-0.0084000,0.0230000,-12.500,-28.000,31.060,28.940,-79.150,-134.750,1,17.849,0.27000,-0.650000,0.023364
52.40064200,-1.59395600,170.270,5.3200,3.00,179.260,26,76800.0,2019-09-08 11:08:36:345,0.200700,0.769900,10.186500,-0.005400,0.001700,9.806600,0.0387000,-0.0313000,0.0059000,-11.940,-27.060,31.810,29.860,-79.130,-134.310,1,17.932,-2.77000,0.230556,-0.240815
52.40064200,-1.59395600,170.270,5.3200,3.00,179.260,26,76900.0,2019-09-08 11:08:36:446,-0.150100,0.449100,9.902900,-0.001000,-0.002700,9.806600,-0.0178000,-0.0094000,-0.0009000,-12.690,-27.810,31.440,27.530,-79.110,-134.330,1,17.615,0.36000,-0.880556,0.030744
52.40064200,-1.59395600,170.270,5.3200,3.00,179.260,28,77000.0,2019-09-08 11:08:36:546,0.066500,0.269900,9.743000,-0.000300,0.004200,9.806600,0.0182000,-0.0283000,0.0206000,-12.310,-28.000,31.060,29.380,-79.080,-134.420,1,17.852,4.31000,0.658333,0.373026
52.40064200,-1.59395600,170.270,5.3200,3.00,179.260,28,77100.0,2019-09-08 11:08:36:646,-0.016700,0.051600,9.808300,-0.000600,-0.006700,9.806600,-0.0163000,-0.0190000,0.0029000,-12.250,-27.440,32.000,29.560,-79.040,-134.600,1,17.698,-9.19000,-0.427778,-0.788523
52.40064200,-1.59395600,170.270,5.3200,3.00,179.260,28,77200.0,2019-09-08 11:08:36:745,0.106800,0.847900,10.000600,0.001900,-0.009900,9.806600,-0.0171000,-0.0103000,0.0019000,-12.190,-28.060,31.810,29.750,-79.020,-134.610,1,17.824,17.71000,0.350000,1.530378
52.40064200,-1.59395600,170.270,5.3200,3.00,179.260,28,77300.0,2019-09-08 11:08:36:845,0.060000,0.345100,9.723600,0.002900,0.003700,9.806600,-0.0005000,-0.0069000,0.0103000,-12.250,-27.940,31.380,29.150,-79.000,-134.640,1,17.291,-13.20000,-1.480556,-1.106545
52.40064200,-1.59395600,170.270,5.3200,3.00,179.260,28,77400.0,2019-09-08 11:08:36:945,0.481300,0.323500,9.762600,0.001200,0.002600,9.806600,-0.0042000,-0.0202000,0.0080000,-12.750,-27.560,31.690,27.590,-79.050,-134.830,1,17.453,5.27000,0.450000,0.445919
52.40064200,-1.59395600,170.270,5.3200,3.00,179.260,28,77500.0,2019-09-08 11:08:37:045,0.071300,0.372300,9.816200,-0.002900,0.004900,9.806600,0.0003000,-0.0517000,0.0282000,-11.940,-27.940,31.500,29.570,-79.020,-134.760,1,17.608,2.51000,0.430556,0.214269
52.40064200,-1.59395600,170.270,5.3200,3.00,179.260,28,77600.0,2019-09-08 11:08:37:145,0.514200,0.710800,10.118000,-0.004400,0.008500,9.806600,0.0310000,-0.0069000,-0.0154000,-11.870,-28.000,31.690,29.960,-79.050,-134.410,1,17.482,-0.27000,-0.350000,-0.022884
52.40064200,-1.59395600,170.270,5.3200,3.00,179.260,28,77700.0,2019-09-08 11:08:37:246,0.249800,0.203300,9.805100,0.000300,0.000700,9.806600,-0.0148000,-0.0093000,-0.0127000,-11.870,-28.310,31.130,29.490,-79.060,-134.330,1,17.258,-1.44000,-0.622222,-0.120484
52.40064200,-1.59395600,170.270,5.3200,3.00,179.260,28,77800.0,2019-09-08 11:08:37:345,0.142600,0.618000,9.836700,0.001400,0.005800,9.806600,0.0075000,-0.0361000,0.0104000,-12.000,-27.440,31.000,29.350,-79.090,-134.280,1,17.244,-1.12000,-0.038889,-0.093633
52.40064200,-1.59395600,170.270,5.3200,3.00,179.260,28,77900.0,2019-09-08 11:08:37:446,0.067300,0.437500,10.009200,-0.006900,0.002900,9.806600,0.0113000,-0.0251000,0.0260000,-12.560,-27.620,31.310,27.820,-79.080,-134.090,1,17.280,5.59000,0.100000,0.468307
52.40064200,-1.59395600,170.270,5.3200,3.00,179.260,26,78000.0,2019-09-08 11:08:37:545,0.297600,0.856600,9.826800,0.000800,0.003400,9.806600,0.0036000,-0.0307000,0.0374000,-12.120,-28.370,31.060,29.970,-79.050,-133.930,1,16.967,-4.83000,-0.869444,-0.397308
52.40064200,-1.59395600,170.270,5.3200,3.00,179.260,26,78100.0,2019-09-08 11:08:37:645,-0.113200,0.264100,9.803000,-0.000700,-0.003000,9.806600,-0.0061000,-0.0109000,-0.0016000,-12.190,-28.190,31.250,30.130,-79.030,-133.800,1,17.032,5.77000,0.180556,0.476449
52.40064200,-1.59395600,170.270,5.3200,3.00,179.260,26,78200.0,2019-09-08 11:08:37:746,0.206700,0.487800,9.701900,0.002500,0.002900,9.806600,-0.0230000,-0.0361000,0.0054000,-12.560,-27.750,31.000,28.050,-79.090,-133.900,1,17.089,-2.61000,0.158333,-0.216238
52.40064200,-1.59395600,170.270,5.3200,3.00,179.260,26,78300.0,2019-09-08 11:08:37:845,0.099200,0.790100,10.168400,-0.005100,0.004600,9.806600,-0.0156000,-0.0253000,-0.0038000,-11.940,-27.940,31.310,30.250,-79.100,-133.670,1,17.262,7.24000,0.480556,0.605905
52.40064200,-1.59395600,170.270,5.3200,3.00,179.260,26,78400.0,2019-09-08 11:08:37:945,0.248500,0.693500,9.934200,-0.000600,-0.002100,9.806500,0.0090000,-0.0442000,0.0329000,-12.690,-28.370,31.250,28.300,-79.130,-133.670,1,16.715,1.56000,-1.519444,0.126417
52.40064200,-1.59395600,170.270,5.3200,3.00,179.260,26,78500.0,2019-09-08 11:08:38:045,-0.271200,0.716900,10.003000,0.002300,-0.005500,9.806500,-0.0093000,-0.0084000,-0.0137000,-12.310,-28.060,31.380,30.230,-79.090,-133.680,1,16.988,-5.31000,0.758333,-0.437332
52.40064200,-1.59395600,170.270,5.3200,3.00,179.260,26,78600.0,2019-09-08 11:08:38:145,-0.447900,0.520200,9.844500,0.004900,0.006100,9.806600,0.0067000,-0.0382000,0.0113000,-11.870,-27.620,30.810,29.910,-79.170,-133.920,1,16.819,7.67000,-0.469444,0.625418
52.40064200,-1.59395600,170.270,5.3200,3.00,179.260,26,78700.0,2019-09-08 11:08:38:246,-0.052100,0.272300,9.701800,0.008800,0.004500,9.806600,0.0119000,-0.0138000,0.0059000,-11.620,-28.310,31.750,29.990,-79.240,-134.300,1,16.477,-5.81000,-0.950000,-0.464119
52.40064200,-1.59395600,170.270,5.3200,3.00,179.260,26,78800.0,2019-09-08 11:08:38:346,0.156000,0.536600,9.680800,0.003000,-0.002500,9.806600,0.0013000,-0.0117000,0.0064000,-12.000,-28.190,31.190,28.930,-79.310,-134.690,1,16.610,4.81000,0.369444,0.387338
52.40064200,-1.59395600,170.270,5.3200,3.00,179.260,26,78900.0,2019-09-08 11:08:38:446,-0.026900,0.570300,10.126000,0.002200,-0.009600,9.806500,-0.0029000,-0.0331000,0.0348000,-11.060,-28.250,31.060,30.680,-79.290,-134.870,1,16.430,-0.60000,-0.500000,-0.047793
52.40064200,-1.59395600,170.270,5.3200,3.00,179.260,26,79000.0,2019-09-08 11:08:38:545,0.238200,0.371900,9.723500,-0.002200,0.004500,9.806600,0.0235000,-0.0265000,0.0387000,-11.560,-27.870,31.380,28.370,-79.220,-135.200,1,16.553,14.24000,0.341667,1.142777
52.40064200,-1.59395600,170.270,5.3200,3.00,179.260,26,79100.0,2019-09-08 11:08:38:645,-0.246300,-0.338800,9.825400,-0.002100,0.007600,9.806500,0.0137000,-0.0182000,-0.0056000,-11.560,-27.440,31.310,28.310,-79.200,-135.110,1,16.157,-4.26000,-1.100000,-0.333692
52.40064200,-1.59395600,170.270,5.3200,3.00,179.260,26,79200.0,2019-09-08 11:08:38:745,0.131400,0.129300,10.063100,0.011300,-0.010100,9.806600,-0.0201000,-0.0257000,0.0055000,-11.620,-27.940,31.940,27.850,-79.230,-136.130,1,16.013,-6.28000,-0.400000,-0.487537
52.40064200,-1.59395600,170.270,5.3200,3.00,179.260,26,79300.0,2019-09-08 11:08:38:845,0.104500,0.208400,10.047800,0.008200,-0.004000,9.806600,-0.0145000,-0.0190000,-0.0228000,-11.310,-28.060,31.250,28.880,-79.310,-136.390,1,16.106,1.28000,0.258333,0.099948
52.40064200,-1.59395600,170.270,5.3200,3.00,179.260,26,79400.0,2019-09-08 11:08:38:946,0.503500,0.236900,9.841000,0.008400,0.004700,9.806600,-0.0246000,-0.0376000,-0.0166000,-11.370,-27.690,30.880,28.460,-79.440,-136.690,1,15.966,16.10000,-0.388889,1.246226
52.40064200,-1.59395600,170.270,5.3200,3.00,179.260,26,79500.0,2019-09-08 11:08:39:046,0.363000,0.265000,9.537400,0.005100,0.002000,9.806600,-0.0267000,-0.0192000,-0.0037000,-11.190,-27.940,31.560,28.340,-79.510,-137.210,1,15.678,-8.82000,-0.800000,-0.670400
52.40064200,-1.59395600,170.270,5.3200,3.00,179.260,26,79600.0,2019-09-08 11:08:39:145,0.146900,0.125000,9.746200,0.000900,0.005600,9.806600,0.0119000,-0.0358000,0.0156000,-11.500,-28.060,32.250,28.050,-79.530,-137.450,1,16.092,-2.27000,1.150000,-0.177097
52.40064200,-1.59395600,170.270,5.3200,3.00,179.260,26,79700.0,2019-09-08 11:08:39:246,-0.119900,0.309600,10.050700,0.002000,0.009500,9.806500,0.0247000,-0.0303000,-0.0052000,-11.000,-28.190,31.630,28.020,-79.630,-137.430,1,16.063,9.74000,-0.080556,0.758509
52.40064200,-1.59395600,170.270,5.3200,3.00,179.260,26,79800.0,2019-09-08 11:08:39:346,0.119500,0.214300,9.904400,0.004500,0.008700,9.806600,0.0299000,-0.0270000,-0.0293000,-11.060,-27.440,31.000,27.010,-79.720,-137.650,1,16.142,6.80000,0.219444,0.532159
52.40064200,-1.59395600,170.270,5.3200,3.00,179.260,26,79900.0,2019-09-08 11:08:39:446,0.190500,-0.060000,9.616100,0.009300,0.002300,9.806500,0.0015000,-0.0325000,-0.0215000,-10.940,-27.620,31.560,26.890,-79.800,-138.320,1,16.466,-19.35000,0.900000,-1.544699
52.40064200,-1.59395600,170.270,5.3200,3.00,179.260,25,80000.0,2019-09-08 11:08:39:546,-0.058300,0.163800,9.945100,0.004400,0.001800,9.806600,-0.0279000,-0.0304000,-0.0209000,-10.810,-28.440,31.940,26.560,-79.870,-138.570,1,16.254,21.02000,-0.588889,1.656410
52.40064200,-1.59395600,170.270,5.3200,3.00,179.260,25,80100.0,2019-09-08 11:08:39:645,0.191000,-0.157400,9.862200,0.010200,-0.001000,9.806600,0.0033000,-0.0368000,-0.0309000,-11.120,-28.440,30.940,25.420,-79.980,-139.040,1,16.146,-1.14000,-0.300000,-0.089237
52.40064200,-1.59395600,170.270,5.3200,3.00,179.260,25,80200.0,2019-09-08 11:08:39:746,0.388500,0.280800,9.788100,0.004800,0.005600,9.806600,0.0232000,-0.0379000,0.0149000,-10.000,-27.750,31.690,27.040,-80.020,-139.740,1,16.420,3.44000,0.761111,0.273846
52.40064200,-1.59395600,170.270,5.3200,3.00,179.260,25,80300.0,2019-09-08 11:08:39:846,0.029200,-0.007300,9.917400,0.000900,0.017300,9.806600,0.0252000,-0.0382000,0.0062000,-10.120,-27.940,31.690,26.820,-80.120,-139.890,1,15.624,8.41000,-2.211111,0.637035
52.40064200,-1.59395600,170.270,5.3200,3.00,179.260,25,80400.0,2019-09-08 11:08:39:945,0.103900,-0.106300,10.338900,0.005400,-0.010400,9.806600,-0.0409000,-0.0138000,0.0008000,-10.560,-28.370,32.000,24.930,-80.220,-139.830,1,16.150,-0.64000,1.461111,-0.050110
52.40064200,-1.59395600,170.270,5.3200,3.00,179.260,25,80500.0,2019-09-08 11:08:40:046,0.210000,0.075600,10.175000,0.006400,-0.011800,9.806500,-0.0174000,-0.0390000,-0.0217000,-10.060,-27.810,31.380,25.900,-80.240,-140.210,1,16.164,-1.67000,0.038889,-0.130870
52.40064200,-1.59395600,170.270,5.3200,3.00,179.260,25,80600.0,2019-09-08 11:08:40:146,0.337000,0.141800,9.510800,0.008400,0.013900,9.806600,0.0011000,-0.0240000,-0.0268000,-10.250,-28.000,31.310,25.310,-80.270,-140.700,1,16.463,-3.41000,0.830556,-0.272169
52.40064200,-1.59395600,170.270,5.3200,3.00,179.260,25,80700.0,2019-09-08 11:08:40:246,0.181800,0.212300,9.840100,0.003400,0.016300,9.806600,0.0021000,-0.0144000,-0.0077000,-10.000,-27.940,31.190,24.760,-80.420,-141.110,1,16.369,0.13000,-0.261111,0.010317
52.40064200,-1.59395600,170.270,5.3200,3.00,179.260,25,80800.0,2019-09-08 11:08:40:346,0.093500,0.710300,10.165500,0.013500,-0.008200,9.806600,-0.0265000,-0.0193000,-0.0374000,-10.250,-28.000,31.940,24.170,-80.450,-142.040,1,16.243,9.65000,-0.350000,0.759921
52.40064200,-1.59395600,170.270,5.3200,3.00,179.260,25,80900.0,2019-09-08 11:08:40:446,0.220100,-0.561900,9.883500,0.004500,-0.004700,9.806600,0.0372000,-0.0258000,-0.0387000,-10.370,-28.810,31.690,23.900,-80.500,-142.360,1,16.859,-4.84000,1.711111,-0.395596
52.40064200,-1.59395600,170.270,5.3200,3.00,179.260,24,81000.0,2019-09-08 11:08:40:546,0.277100,0.017800,9.642600,0.010200,0.005300,9.806600,-0.0668000,-0.0110000,-0.0303000,-9.940,-27.870,31.500,22.950,-80.540,-143.050,1,16.549,-2.73000,-0.861111,-0.219033
52.40064200,-1.59395600,170.270,5.3200,3.00,179.260,24,81100.0,2019-09-08 11:08:40:645,0.238600,-0.153900,9.847800,0.006300,0.002700,9.806600,-0.0343000,-0.0278000,0.0022000,-9.870,-28.250,31.500,22.240,-80.680,-143.610,1,16.506,0.84000,-0.119444,0.067220
52.40064200,-1.59395600,170.270,5.3200,3.00,179.260,24,81200.0,2019-09-08 11:08:40:746,-0.204500,0.169200,10.045400,0.008500,0.006400,9.806600,0.0361000,0.0002000,-0.0336000,-9.940,-28.500,31.810,22.030,-80.730,-143.780,1,16.477,13.62000,-0.080556,1.088003
52.40064200,-1.59395600,170.270,5.3200,3.00,179.260,24,81300.0,2019-09-08 11:08:40:845,0.126200,-0.269900,10.278500,0.005600,0.010500,9.806600,0.0460000,-0.0054000,-0.0394000,-9.190,-28.310,31.560,23.010,-80.880,-144.540,1,16.891,-12.58000,1.150000,-1.030175
52.40064200,-1.59395600,170.270,5.3200,3.00,179.260,24,81400.0,2019-09-08 11:08:40:945,0.192000,0.418300,10.051200,0.007500,-0.003400,9.806600,-0.0326000,-0.0178000,-0.0348000,-9.310,-27.690,31.750,22.060,-80.970,-145.330,1,16.578,-4.99000,-0.869444,-0.401058
52.40064200,-1.59395600,170.270,5.3200,3.00,179.260,24,81500.0,2019-09-08 11:08:41:046,0.462600,0.585800,9.922200,0.016500,-0.010500,9.806600,-0.0637000,-0.0005000,-0.0264000,-9.370,-27.870,31.130,20.360,-81.010,-146.390,1,16.772,13.00000,0.538889,1.057068
52.40064200,-1.59395600,170.270,5.3200,3.00,179.260,24,81600.0,2019-09-08 11:08:41:146,0.373300,0.068500,9.658600,0.004200,0.017600,9.806600,0.0724000,-0.0098000,0.0071000,-9.500,-28.440,31.880,20.070,-81.080,-147.020,1,16.826,3.98000,0.150000,0.324668
52.40064200,-1.59395600,170.270,5.3200,3.00,179.260,24,81700.0,2019-09-08 11:08:41:245,0.158900,0.361200,9.726100,0.000700,0.019800,9.806600,0.1090000,-0.0054000,-0.0057000,-9.190,-28.250,31.380,18.910,-81.120,-147.600,1,16.682,-3.23000,-0.400000,-0.261231
52.40064200,-1.59395600,170.270,5.3200,3.00,179.260,24,81800.0,2019-09-08 11:08:41:345,0.197000,-0.291500,9.887600,0.007300,0.020500,9.806600,-0.0401000,-0.0315000,0.0031000,-9.370,-28.120,31.630,18.590,-81.240,-148.250,1,17.086,-11.80000,1.122222,-0.977456
52.40064200,-1.59395600,170.270,5.3200,3.00,179.260,25,81900.0,2019-09-08 11:08:41:446,0.205700,-0.212900,9.453800,0.016200,-0.017300,9.806500,-0.0683000,-0.0208000,-0.0079000,-9.190,-28.000,31.880,17.060,-81.210,-149.590,1,16.952,11.41000,-0.372222,0.937738
52.40064200,-1.59395600,170.270,5.3200,3.00,179.260,25,82000.0,2019-09-08 11:08:41:545,-0.041200,0.231600,9.793000,0.004300,0.027500,9.806600,0.0920000,-0.0006000,-0.0379000,-8.940,-28.120,31.380,15.980,-81.440,-150.040,1,16.884,-2.54000,-0.188889,-0.207914
52.40064200,-1.59395600,170.270,5.3200,3.00,179.260,25,82100.0,2019-09-08 11:08:41:646,0.631100,0.307100,10.045800,0.010800,0.025800,9.806500,0.0608000,0.0145000,-0.0402000,-9.060,-28.190,31.190,14.910,-81.540,-150.940,1,16.625,-3.04000,-0.719444,-0.245025
52.40064200,-1.59395600,170.270,5.3200,3.00,179.260,25,82200.0,2019-09-08 11:08:41:745,0.633400,-0.211200,10.085000,0.015700,-0.015200,9.806600,-0.0524000,-0.0037000,-0.0234000,-8.870,-27.120,31.190,13.810,-81.640,-151.800,1,17.568,4.29000,2.619444,0.365388
52.40064200,-1.59395600,170.270,5.3200,3.00,179.260,25,82300.0,2019-09-08 11:08:41:845,0.346500,0.166700,9.961200,0.010300,-0.015600,9.806600,-0.0639000,0.0179000,-0.0291000,-8.560,-28.000,31.940,12.990,-81.640,-153.020,1,16.697,-1.30000,-2.419444,-0.105234
52.40064200,-1.59395600,170.270,5.3200,3.00,179.260,25,82400.0,2019-09-08 11:08:41:946,0.550200,0.668400,9.593300,0.008300,0.027100,9.806500,0.0745000,0.0357000,0.0032000,-9.250,-27.870,31.440,11.840,-81.740,-153.550,1,17.150,-1.34000,1.258333,-0.111415
52.40064200,-1.59395600,170.270,5.3200,3.00,179.260,25,82500.0,2019-09-08 11:08:42:046,0.748300,-0.477200,9.790800,0.005400,0.025600,9.806500,0.0992000,0.0416000,-0.0149000,-8.370,-27.870,31.500,13.330,-81.960,-154.330,1,16.978,1.27000,-0.477778,0.104536
52.40064200,-1.59395600,170.270,5.3200,3.00,179.260,25,82600.0,2019-09-08 11:08:42:145,0.543500,0.265100,9.966700,0.014200,-0.020200,9.806500,-0.0713000,0.0695000,-0.0360000,-8.750,-27.940,31.380,9.100,-81.920,-155.910,1,17.161,-5.73000,0.508333,-0.476730
52.40064200,-1.59395600,170.270,5.3200,3.00,179.260,25,82700.0,2019-09-08 11:08:42:245,0.285600,0.756700,9.705700,0.009000,-0.020500,9.806500,-0.0719000,0.0398000,-0.0124000,-8.690,-28.120,31.440,8.630,-81.940,-156.310,1,17.255,11.68000,0.261111,0.977086
52.40064200,-1.59395600,170.270,5.3200,3.00,179.260,25,82800.0,2019-09-08 11:08:42:346,0.460700,0.437600,9.651600,0.001300,0.019600,9.806500,0.0658000,0.0561000,-0.0068000,-8.440,-28.250,31.380,10.270,-81.960,-156.610,1,17.356,-24.30000,0.280556,-2.044706
52.40064200,-1.59395600,170.270,5.3200,3.00,179.260,25,82900.0,2019-09-08 11:08:42:446,0.594900,0.186000,9.844100,0.005500,0.019000,9.806600,0.0697000,0.0637000,-0.0302000,-9.060,-28.310,31.250,7.840,-81.990,-156.990,1,17.395,13.82000,0.108333,1.165487
52.40025000,-1.59397900,169.260,4.9700,3.00,183.980,26,83000.0,2019-09-08 11:08:42:545,0.475100,-0.249400,9.749100,-0.002200,-0.022100,9.806500,-0.1105000,0.0613000,-0.0292000,-8.750,-27.810,32.250,7.680,-82.180,-157.560,1,17.111,-13.40000,-0.788889,-1.111617
52.40025000,-1.59397900,169.260,4.9700,3.00,183.980,26,83100.0,2019-09-08 11:08:42:646,0.680700,0.831700,9.804200,-0.002500,-0.009100,9.806600,-0.0821000,0.0716000,-0.0420000,-8.750,-28.250,31.630,8.010,-82.050,-157.290,1,17.550,-4.70000,1.219444,-0.399899
52.40025000,-1.59397900,169.260,4.9700,3.00,183.980,26,83200.0,2019-09-08 11:08:42:746,0.286800,0.695700,9.634200,-0.000200,-0.001100,9.806600,0.0506000,0.0511000,-0.0119000,-8.500,-27.810,31.630,9.850,-82.070,-157.350,1,17.561,5.80000,0.030556,0.493801
52.40025000,-1.59397900,169.260,4.9700,3.00,183.980,26,83300.0,2019-09-08 11:08:42:845,0.531600,-0.065500,10.096300,0.008700,-0.010700,9.806600,0.0330000,0.0542000,-0.0097000,-8.870,-26.810,31.810,7.370,-82.030,-157.820,1,17.446,-11.11000,-0.319444,-0.939690
52.40025000,-1.59397900,169.260,4.9700,3.00,183.980,26,83400.0,2019-09-08 11:08:42:945,0.184000,-0.345500,9.818900,-0.004800,0.002500,9.806600,-0.0188000,0.0980000,-0.0375000,-9.310,-26.940,32.190,6.910,-82.020,-158.230,1,17.323,-10.44000,-0.341667,-0.876796
52.40025000,-1.59397900,169.260,4.9700,3.00,183.980,26,83500.0,2019-09-08 11:08:43:046,0.780500,0.644700,9.712900,-0.001000,0.010100,9.806600,-0.0228000,0.0626000,-0.0053000,-8.750,-26.940,31.560,7.090,-82.020,-158.070,1,17.622,2.79000,0.830556,0.238360
52.40025000,-1.59397900,169.260,4.9700,3.00,183.980,26,83600.0,2019-09-08 11:08:43:146,0.563300,0.052000,9.976300,0.004800,-0.009400,9.806500,0.0278000,0.0538000,-0.0106000,-8.560,-26.750,31.560,7.310,-82.020,-157.870,1,17.694,5.54000,0.200000,0.475237
52.40025000,-1.59397900,169.260,4.9700,3.00,183.980,26,83700.0,2019-09-08 11:08:43:246,0.741900,-0.055600,10.126500,0.008700,-0.016600,9.806500,0.0240000,0.0660000,-0.0303000,-8.750,-25.750,31.190,6.050,-81.920,-158.500,1,17.698,-14.95000,0.011111,-1.282745
52.40025000,-1.59397900,169.260,4.9700,3.00,183.980,26,83800.0,2019-09-08 11:08:43:346,0.322800,-0.173400,9.952500,-0.002900,0.015200,9.806600,0.0135000,0.0768000,-0.0296000,-9.060,-25.810,30.630,5.890,-81.950,-158.650,1,17.701,-0.30000,0.008333,-0.025745
52.40025000,-1.59397900,169.260,4.9700,3.00,183.980,26,83900.0,2019-09-08 11:08:43:445,0.236000,0.288600,10.126600,-0.009100,0.018500,9.806600,0.0268000,0.0216000,0.0215000,-9.500,-25.560,30.250,5.480,-81.970,-158.510,1,17.327,-7.52000,-1.038889,-0.631708
52.40025000,-1.59397900,169.260,4.9700,3.00,183.980,26,84000.0,2019-09-08 11:08:43:546,0.134600,-0.148800,10.273000,0.005800,-0.023800,9.806500,0.1120000,0.0467000,0.0083000,-9.870,-24.370,29.630,4.020,-81.950,-158.010,1,17.669,-0.54000,0.950000,-0.046257
52.40025000,-1.59397900,169.260,4.9700,3.00,183.980,26,84100.0,2019-09-08 11:08:43:645,0.011000,-0.274500,10.323300,0.011600,-0.028400,9.806500,-0.0931000,0.0427000,-0.0187000,-10.690,-23.810,29.750,1.540,-81.790,-158.500,1,17.438,-1.24000,-0.641667,-0.104832
52.40025000,-1.59397900,169.260,4.9700,3.00,183.980,26,84200.0,2019-09-08 11:08:43:745,0.326800,0.943500,9.568300,-0.012200,0.030600,9.806500,-0.1262000,0.0500000,-0.0190000,-10.690,-24.500,30.310,1.400,-81.750,-158.630,1,17.384,-18.65000,-0.150000,-1.571822
52.40025000,-1.59397900,169.260,4.9700,3.00,183.980,26,84300.0,2019-09-08 11:08:43:846,-0.033400,0.419400,9.939000,-0.009000,0.030500,9.806500,0.0869000,0.0263000,-0.0071000,-11.190,-24.370,30.560,2.890,-81.940,-157.900,1,17.903,11.86000,1.441667,1.029403
52.40025000,-1.59397900,169.260,4.9700,3.00,183.980,26,84400.0,2019-09-08 11:08:43:945,0.036100,0.321300,10.152500,0.009800,-0.026500,9.806600,0.0793000,0.0054000,0.0017000,-11.620,-24.620,30.880,0.420,-81.800,-158.470,1,17.417,-6.61000,-1.350000,-0.558148
52.40025000,-1.59397900,169.260,4.9700,3.00,183.980,26,84500.0,2019-09-08 11:08:44:045,0.005500,0.282000,9.521000,0.000100,-0.030000,9.806500,-0.0871000,0.0258000,0.0036000,-11.120,-24.870,31.630,3.330,-81.760,-158.090,1,17.654,1.41000,0.658333,0.120681
52.40025000,-1.59397900,169.260,4.9700,3.00,183.980,26,84600.0,2019-09-08 11:08:44:146,-0.299300,0.516000,9.697400,-0.008100,0.036200,9.806500,-0.0982000,-0.0015000,-0.0057000,-11.120,-25.690,31.880,3.640,-81.690,-157.830,1,17.305,-6.44000,-0.969444,-0.540297
52.40025000,-1.59397900,169.260,4.9700,3.00,183.980,26,84700.0,2019-09-08 11:08:44:245,0.104200,0.454200,9.591800,-0.008800,0.032800,9.806500,0.0367000,-0.0209000,-0.0045000,-10.870,-26.250,32.310,3.390,-81.750,-158.050,1,17.687,0.71000,1.061111,0.060882
52.40025000,-1.59397900,169.260,4.9700,3.00,183.980,26,84800.0,2019-09-08 11:08:44:345,0.357800,0.164800,9.792400,0.013800,-0.028600,9.806600,0.0356000,0.0081000,-0.0171000,-10.620,-26.870,32.560,4.230,-81.930,-157.840,1,17.140,-12.91000,-1.519444,-1.072783
52.40025000,-1.59397900,169.260,4.9700,3.00,183.980,26,84900.0,2019-09-08 11:08:44:446,0.583100,0.221100,9.597100,0.001100,-0.024900,9.806500,-0.0194000,-0.0301000,0.0304000,-10.620,-26.120,32.810,3.820,-81.790,-158.190,1,17.492,10.14000,0.977778,0.859909
52.40025000,-1.59397900,169.260,4.9700,3.00,183.980,26,85000.0,2019-09-08 11:08:44:545,0.011100,0.395100,9.455000,-0.016800,0.028000,9.806500,-0.0272000,-0.0037000,-0.0029000,-10.810,-26.310,33.000,4.390,-81.770,-157.690,1,17.597,1.50000,0.291667,0.127969
52.40025000,-1.59397900,169.260,4.9700,3.00,183.980,26,85100.0,2019-09-08 11:08:44:645,-0.145500,0.244200,10.284800,-0.009700,0.020100,9.806500,-0.0017000,-0.0013000,0.0083000,-10.940,-26.440,32.130,5.190,-81.900,-156.450,1,16.978,-4.77000,-1.719444,-0.392627
52.40025000,-1.59397900,169.260,4.9700,3.00,183.980,26,85200.0,2019-09-08 11:08:44:746,0.403700,-0.281500,9.930100,0.008500,-0.012400,9.806600,-0.0093000,0.0204000,-0.0115000,-10.500,-26.120,32.060,6.890,-81.910,-156.580,1,17.719,0.38000,2.058333,0.032644
52.40025000,-1.59397900,169.260,4.9700,3.00,183.980,26,85300.0,2019-09-08 11:08:44:846,0.095400,-0.118500,9.722400,0.002400,-0.012000,9.806600,0.0417000,-0.0155000,0.0101000,-10.250,-26.190,31.940,6.320,-81.830,-157.080,1,17.413,-1.34000,-0.850000,-0.113124
52.40025000,-1.59397900,169.260,4.9700,3.00,183.980,26,85400.0,2019-09-08 11:08:44:946,0.600900,-0.029700,10.000900,-0.006800,0.008900,9.806600,0.0423000,0.0137000,0.0039000,-10.370,-26.370,31.750,6.500,-81.930,-156.910,1,17.658,-2.08000,0.680556,-0.178065
52.40025000,-1.59397900,169.260,4.9700,3.00,183.980,26,85500.0,2019-09-08 11:08:45:046,0.239400,-0.110900,10.338100,-0.004500,0.002900,9.806600,-0.0482000,-0.0281000,0.0269000,-10.750,-26.750,32.000,5.330,-81.880,-156.350,1,17.424,12.55000,-0.650000,1.060148
52.40025000,-1.59397900,169.260,4.9700,3.00,183.980,26,85600.0,2019-09-08 11:08:45:146,0.017600,-0.177400,9.888100,0.001600,0.001200,9.806500,-0.0355000,0.0118000,0.0038000,-10.000,-26.370,31.940,7.090,-81.830,-156.410,1,17.525,-7.68000,0.280556,-0.652520
52.40025000,-1.59397900,169.260,4.9700,3.00,183.980,26,85700.0,2019-09-08 11:08:45:246,0.319700,0.165400,9.500700,-0.003500,0.006600,9.806600,0.0577000,-0.0055000,0.0056000,-10.120,-25.810,32.810,7.730,-81.830,-156.320,1,17.618,-0.10000,0.258333,-0.008541
52.40025000,-1.59397900,169.260,4.9700,3.00,183.980,26,85800.0,2019-09-08 11:08:45:345,0.126800,0.128200,10.145400,0.000800,-0.006600,9.806600,0.0372000,0.0053000,-0.0156000,-10.750,-26.620,31.880,5.080,-81.840,-156.580,1,17.474,0.86000,-0.400000,0.072856
52.40025000,-1.59397900,169.260,4.9700,3.00,183.980,26,85900.0,2019-09-08 11:08:45:445,0.077700,-0.586300,10.122400,0.001000,-0.011800,9.806600,-0.0661000,-0.0143000,0.0235000,-10.250,-26.370,32.000,6.840,-81.750,-156.640,1,18.061,10.83000,1.630556,0.948299
52.40025000,-1.59397900,169.260,4.9700,3.00,183.980,26,86000.0,2019-09-08 11:08:45:546,-0.021700,-0.025300,9.494700,-0.007300,0.006900,9.806600,-0.0610000,-0.0161000,0.0191000,-10.440,-26.060,32.440,7.360,-81.740,-156.180,1,17.348,-13.48000,-1.980556,-1.133742
52.40025000,-1.59397900,169.260,4.9700,3.00,183.980,26,86100.0,2019-09-08 11:08:45:645,0.015500,0.271200,10.108400,-0.009400,0.010400,9.806600,0.0987000,-0.0366000,0.0287000,-10.250,-26.500,32.190,8.010,-81.710,-155.620,1,17.701,0.94000,0.980556,0.080668
52.40025000,-1.59397900,169.260,4.9700,3.00,183.980,26,86200.0,2019-09-08 11:08:45:746,-0.308000,0.138200,10.049600,0.005200,-0.025000,9.806600,0.0979000,-0.0096000,0.0180000,-10.500,-26.620,31.630,8.040,-81.710,-155.620,1,17.831,1.78000,0.361111,0.153876
52.40025000,-1.59397900,169.260,4.9700,3.00,183.980,26,86300.0,2019-09-08 11:08:45:846,0.047200,-0.383700,9.374700,0.010600,-0.025900,9.806500,-0.0465000,-0.0270000,0.0248000,-10.560,-25.940,32.060,5.490,-81.550,-156.220,1,18.227,5.29000,1.100000,0.467461
52.40025000,-1.59397900,169.260,4.9700,3.00,183.980,26,86400.0,2019-09-08 11:08:45:946,0.167100,0.035300,9.813500,-0.004300,0.014600,9.806500,-0.0008000,-0.0220000,0.0033000,-11.120,-26.190,31.810,5.440,-81.570,-156.260,1,18.104,5.73000,-0.341667,0.502926
52.40025000,-1.59397900,169.260,4.9700,3.00,183.980,26,86500.0,2019-09-08 11:08:46:046,0.363800,-0.435600,9.915600,-0.004500,0.007400,9.806600,-0.0113000,-0.0314000,0.0197000,-11.120,-26.310,32.500,6.250,-81.600,-156.070,1,17.734,-16.74000,-1.027778,-1.439253
52.40025000,-1.59397900,169.260,4.9700,3.00,183.980,26,86600.0,2019-09-08 11:08:46:146,-0.177200,0.031500,9.920700,0.001400,0.009300,9.806600,-0.0439000,-0.0405000,0.0156000,-10.310,-26.560,32.000,7.490,-81.560,-156.120,1,18.364,13.25000,1.750000,1.179663
52.40025000,-1.59397900,169.260,4.9700,3.00,183.980,26,86700.0,2019-09-08 11:08:46:245,-0.171000,-0.320200,10.034700,-0.007300,0.009400,9.806600,0.0157000,-0.0216000,-0.0025000,-10.060,-26.000,32.310,7.500,-81.560,-156.080,1,18.166,2.31000,-0.550000,0.203445
52.40025000,-1.59397900,169.260,4.9700,3.00,183.980,26,86800.0,2019-09-08 11:08:46:346,0.051300,-0.507600,10.186600,0.003800,-0.017300,9.806500,-0.0261000,-0.0327000,-0.0060000,-10.000,-26.060,32.500,8.210,-81.540,-155.920,1,18.666,5.74000,1.388889,0.519443
52.40025000,-1.59397900,169.260,4.9700,3.00,183.980,26,86900.0,2019-09-08 11:08:46:445,0.062100,-0.127600,10.113000,0.004800,-0.014100,9.806600,0.0074000,-0.0531000,0.0118000,-10.560,-26.870,32.060,5.620,-81.500,-156.130,1,18.256,6.55000,-1.138889,0.579725
52.40025000,-1.59397900,169.260,4.9700,3.00,183.980,26,87000.0,2019-09-08 11:08:46:546,-0.086100,0.084300,10.024100,0.006100,-0.004300,9.806600,0.0124000,-0.0547000,-0.0178000,-10.250,-26.870,32.690,7.410,-81.410,-156.680,1,18.619,-8.17000,1.008333,-0.737485
52.40025000,-1.59397900,169.260,4.9700,3.00,183.980,26,87100.0,2019-09-08 11:08:46:646,0.087900,-0.037200,9.913300,0.001100,0.003100,9.806600,0.0305000,-0.0352000,0.0073000,-10.370,-26.560,32.750,6.700,-81.450,-157.290,1,18.529,-4.53000,-0.250000,-0.406935
52.40025000,-1.59397900,169.260,4.9700,3.00,183.980,26,87200.0,2019-09-08 11:08:46:746,0.450800,-0.040200,9.962100,-0.000900,0.004600,9.806600,-0.0536000,-0.0512000,0.0203000,-10.500,-27.250,32.310,6.130,-81.480,-157.310,1,18.727,10.85000,0.550000,0.985083
52.40025000,-1.59397900,169.260,4.9700,3.00,183.980,26,87300.0,2019-09-08 11:08:46:846,0.095600,-0.078200,9.895200,0.005900,0.011100,9.806600,-0.0664000,-0.0262000,-0.0148000,-10.000,-26.870,31.690,5.620,-81.580,-157.750,1,19.292,-5.58000,1.569444,-0.521899
52.40025000,-1.59397900,169.260,4.9700,3.00,183.980,26,87400.0,2019-09-08 11:08:46:946,0.099000,0.188200,9.912300,0.003700,0.009400,9.806600,0.0305000,-0.0506000,-0.0062000,-10.500,-27.000,32.310,5.110,-81.590,-158.190,1,18.720,13.21000,-1.588889,1.198902
52.40025000,-1.59397900,169.260,4.9700,3.00,183.980,26,87500.0,2019-09-08 11:08:47:045,-0.006300,0.016800,9.777000,0.008600,0.001300,9.806600,-0.0195000,-0.0163000,-0.0130000,-10.250,-26.940,33.000,5.060,-81.630,-158.710,1,18.821,-7.46000,0.280556,-0.680701
52.40025000,-1.59397900,169.260,4.9700,3.00,183.980,26,87600.0,2019-09-08 11:08:47:145,0.048900,0.811800,9.664600,0.000000,0.002000,9.806600,0.0369000,-0.0599000,0.0144000,-9.750,-27.250,32.560,4.530,-81.720,-159.170,1,18.875,0.47000,0.150000,0.043009
52.40025000,-1.59397900,169.260,4.9700,3.00,183.980,26,87700.0,2019-09-08 11:08:47:245,0.463300,0.651700,9.996200,0.011900,-0.005900,9.806600,0.0501000,0.0142000,-0.0427000,-9.440,-26.870,32.190,5.690,-81.790,-159.320,1,18.695,18.27000,-0.500000,1.655918
52.40025000,-1.59397900,169.260,4.9700,3.00,183.980,26,87800.0,2019-09-08 11:08:47:346,0.232800,-0.123300,9.893900,0.000200,-0.013100,9.806600,-0.0607000,-0.0169000,0.0165000,-9.620,-26.190,32.130,3.320,-81.720,-159.730,1,18.778,-23.37000,0.230556,-2.127565
52.40025000,-1.59397900,169.260,4.9700,3.00,183.980,26,87900.0,2019-09-08 11:08:47:446,-0.222700,0.896600,10.036500,-0.010400,0.019300,9.806600,-0.0586000,-0.0051000,0.0071000,-10.000,-26.560,31.060,3.870,-81.790,-158.750,1,18.659,26.36000,-0.330556,2.384562
52.40025000,-1.59397900,169.260,4.9700,3.00,183.980,27,88000.0,2019-09-08 11:08:47:546,-0.202700,0.348000,9.578100,-0.002900,0.018600,9.806600,0.0304000,-0.0165000,0.0084000,-9.870,-26.120,31.630,4.500,-81.830,-158.690,1,18.385,-21.52000,-0.761111,-1.918142
52.40025000,-1.59397900,169.260,4.9700,3.00,183.980,27,88100.0,2019-09-08 11:08:47:645,-0.226500,0.178800,9.805100,-0.001800,-0.006100,9.806500,0.0022000,-0.0251000,0.0245000,-9.940,-26.120,31.440,3.430,-81.810,-159.120,1,18.400,15.49000,0.041667,1.381797
52.40025000,-1.59397900,169.260,4.9700,3.00,183.980,27,88200.0,2019-09-08 11:08:47:745,-0.205300,0.384000,9.984800,0.005000,0.006000,9.806600,0.0302000,0.0053000,-0.0283000,-10.250,-25.750,31.060,3.220,-81.810,-159.300,1,18.162,-14.75000,-0.661111,-1.298765
52.40025000,-1.59397900,169.260,4.9700,3.00,183.980,27,88300.0,2019-09-08 11:08:47:845,0.224900,0.356000,10.031300,0.002400,-0.001700,9.806600,0.0208000,-0.0100000,-0.0092000,-11.000,-26.810,30.690,0.960,-81.860,-159.620,1,18.418,13.80000,0.711111,1.232243
52.40025000,-1.59397900,169.260,4.9700,3.00,183.980,27,88400.0,2019-09-08 11:08:47:946,0.155100,0.434800,9.950100,-0.000500,-0.004700,9.806600,0.0182000,0.0108000,0.0142000,-11.310,-25.940,30.690,0.910,-81.840,-159.660,1,18.036,-15.50000,-1.061111,-1.355335
52.40025000,-1.59397900,169.260,4.9700,3.00,183.980,27,88500.0,2019-09-08 11:08:48:046,0.140700,0.039200,9.812000,-0.000100,-0.010000,9.806600,0.0639000,0.0025000,0.0317000,-11.000,-26.370,31.810,1.400,-81.780,-159.800,1,18.166,9.57000,0.361111,0.842842
52.40025000,-1.59397900,169.260,4.9700,3.00,183.980,27,88600.0,2019-09-08 11:08:48:145,-0.213600,0.304000,10.103000,-0.000900,-0.005200,9.806600,-0.0351000,0.0110000,-0.0111000,-11.120,-26.440,31.940,1.760,-81.780,-159.480,1,17.597,7.26000,-1.580556,0.619370
52.40025000,-1.59397900,169.260,4.9700,3.00,183.980,27,88700.0,2019-09-08 11:08:48:246,-0.188100,0.664100,10.144100,0.004400,0.005600,9.806600,-0.0270000,-0.0097000,-0.0146000,-11.310,-27.000,31.250,1.020,-81.770,-159.570,1,17.950,-11.47000,0.980556,-0.998166
52.40025000,-1.59397900,169.260,4.9700,3.00,183.980,27,88800.0,2019-09-08 11:08:48:346,0.234300,0.102700,10.006100,0.005700,0.003400,9.806600,0.0024000,-0.0160000,-0.0111000,-11.190,-26.440,31.940,0.590,-81.770,-160.510,1,17.546,5.56000,-1.122222,0.472964
52.40025000,-1.59397900,169.260,4.9700,3.00,183.980,27,88900.0,2019-09-08 11:08:48:446,0.012200,0.727800,9.946700,0.001200,-0.002600,9.806600,0.0060000,0.0079000,0.0046000,-10.940,-27.000,32.690,1.060,-81.720,-160.630,1,17.989,-10.16000,1.230556,-0.886085
52.40025000,-1.59397900,169.260,4.9700,3.00,183.980,27,89000.0,2019-09-08 11:08:48:546,-0.037800,0.464800,10.006500,0.000200,0.000700,9.806600,0.0052000,0.0004000,0.0094000,-10.370,-27.190,32.880,2.700,-81.670,-160.780,1,17.345,5.68000,-1.788889,0.477636
52.40025000,-1.59397900,169.260,4.9700,3.00,183.980,27,89100.0,2019-09-08 11:08:48:645,-0.050700,0.349200,9.993400,0.003600,-0.008500,9.806500,0.0086000,0.0212000,-0.0195000,-9.940,-26.940,32.380,2.030,-81.570,-160.880,1,16.974,6.83000,-1.030556,0.562056
52.40025000,-1.59397900,169.260,4.9700,3.00,183.980,27,89200.0,2019-09-08 11:08:48:745,-0.020300,0.084900,9.522000,0.009400,-0.003700,9.806600,-0.0118000,0.0203000,-0.0302000,-10.310,-27.000,31.810,1.410,-81.550,-161.420,1,17.183,-5.49000,0.580556,-0.457347
52.40025000,-1.59397900,169.260,4.9700,3.00,183.980,27,89300.0,2019-09-08 11:08:48:845,0.452900,0.146000,9.833800,-0.005000,0.005500,9.806600,0.0336000,0.0330000,0.0197000,-10.250,-27.060,32.500,1.700,-81.520,-161.660,1,16.661,3.81000,-1.450000,0.307752
52.40025000,-1.59397900,169.260,4.9700,3.00,183.980,27,89400.0,2019-09-08 11:08:48:945,0.858900,-0.035700,10.396900,-0.016500,0.007700,9.806600,0.0893000,0.0442000,0.0098000,-10.310,-27.560,31.690,2.350,-81.540,-160.610,1,17.248,-12.30000,1.630556,-1.028534
52.40025000,-1.59397900,169.260,4.9700,3.00,183.980,27,89500.0,2019-09-08 11:08:49:045,0.236500,-0.010100,9.836500,0.001500,0.002900,9.806600,-0.0741000,-0.0255000,0.0519000,-10.120,-27.120,31.440,2.010,-81.450,-160.390,1,16.726,3.45000,-1.450000,0.279760
52.40025000,-1.59397900,169.260,4.9700,3.00,183.980,27,89600.0,2019-09-08 11:08:49:145,-1.046000,0.419700,9.692200,0.011500,-0.003700,9.806600,-0.1541000,-0.0545000,0.0355000,-9.810,-27.370,31.380,1.780,-81.520,-160.580,1,16.740,2.30000,0.038889,0.186663
52.40025000,-1.59397900,169.260,4.9700,3.00,183.980,27,89700.0,2019-09-08 11:08:49:246,0.242100,0.188300,10.011700,-0.000400,0.025400,9.806500,0.1016000,-0.0146000,-0.0342000,-9.810,-26.870,31.940,2.460,-81.800,-160.490,1,16.362,-8.67000,-1.050000,-0.687750
52.40025000,-1.59397900,169.260,4.9700,3.00,183.980,27,89800.0,2019-09-08 11:08:49:346,0.774700,-0.580100,10.031900,-0.003400,0.017600,9.806500,0.1066000,-0.0231000,-0.0023000,-9.940,-27.560,31.940,2.360,-81.880,-160.590,1,16.423,8.92000,0.169444,0.710219
52.40025000,-1.59397900,169.260,4.9700,3.00,183.980,27,89900.0,2019-09-08 11:08:49:445,-0.041200,-0.686600,10.017800,-0.008800,0.007200,9.806600,-0.0400000,0.0528000,-0.0443000,-9.560,-27.310,32.000,2.640,-81.800,-160.340,1,16.736,-0.40000,0.869444,-0.032455
